article,title
"<div id=""content"">江州，天下十九州之一，临近东海，境内多湖泊。江州境内，广凌郡城。广凌郡城西城的景楼大街上，行人如织，繁华热闹。“六年了。”一位布衣青年腰间挂着一柄剑，牵着马行走在街道上，“终于回来了，在外面待久了，还是觉得家乡好。”哒！哒！哒！马蹄声儿急，远处正有一华衣少年骑着一高头大马在繁华街道上飞奔，一时间街道上行人们连忙避让开来，那骑马少年后面还有着仆人护卫骑马在后面追着：“公子，慢点，慢点。”布衣青年看到这幕，牵着马朝旁边避让了下，目视那华衣少年骑马而过。“哪家的小子，也对，我离家六年了，六年前，这小家伙怕才七八岁吧。”布衣青年笑了笑，又继续前进。看着熟悉的家乡，甚至还有些认识的摊贩。“六年了，当初离家时我才十五岁，现在的我和当初相比，变化太大了。”布衣青年感慨。十五岁时，意气风发，锋芒毕露！被誉为广凌郡年轻一代第一人。然而离家游历天下，六年下来，他才觉得当初的自己多么的稚嫩。……一路行走，看着熟悉的店铺酒楼，熟悉的河道石桥。终于，牵着马，来到了一座府邸外。近乡情更怯，布衣青年牵着马，深吸一口气才上前，咚咚咚，敲响了大门。吱呀。大门打开一条缝，一老头朝外探出身子看了眼，跟着就瞪大眼睛：“二公子！”眼前的青年一身布衣，普普通通，可他是看着二公子‘秦云’长大的，一眼就认出来了。“李伯。”秦云笑着道。“二公子回来了，二公子回来了！”李老头激动的高喊，声音响彻整个府邸，他连轰隆隆拉开整个府门大门。“给我给我，我来牵马。”李老头连接过马缰绳。“云儿，云儿。”整个府邸内一片喧哗，一位穿着中年妇人飞奔出来，身后更有数个丫鬟连跟着，一看到府门处的秦云，中年妇人激动的泪水都禁不住。“娘。”秦云也是眼睛一酸，连跑过去。中年妇人仔细看着自己儿子，摸着儿子的胳膊、脸庞：“好，好，回来就好，回来就好，嗯，长高了。”“二公子，夫人她都不知道为你流了多少眼泪，每日都在菩萨前为你念经祈福。”一旁的女管事连道。“是儿不孝，如今才回来。”秦云也看着母亲，母亲的头上也多了些白发，眼角的皱纹也多了，不由心中一疼，不知不觉，母亲也近五十岁了。“都不说了，回来就好。”母亲眼中虽含泪，却是喜悦泪水，连吩咐，“快快，赶紧去告知老爷，还有大公子。”“是。”女管事立即去安排。……整个秦府一片喜庆，很快秦府主人‘秦烈虎’回来了。“老爷。”“老爷。”府邸内的仆人丫鬟们都连恭敬行礼，只是他们个个眉宇间都是喜色，二公子回来，仆人丫鬟们也都开心的很。独臂男子微微点头，他双眸如电，腰间有一柄单刀，散发的无形威压都让那些仆人丫鬟们恭恭敬敬，他便是这秦府的主人‘秦烈虎’，也是广凌郡城的三大银章捕头之一。“爹。”秦云和母亲常兰出来迎接。“云儿。”独臂男子‘秦烈虎’看到自己的儿子，也不由眼睛一热，有些湿润。儿行千里母担忧，父亲虽然嘴上不说，可心中同样时刻牵挂担心。虽然知道为了儿子的前程，就该放儿子出去闯荡，可还是牵肠挂肚。他怕，怕儿子一去不回。因为这天下广阔，深山大泽更多有妖怪潜藏，在外闯荡也充满艰险。“回来就好，回来就好。”秦烈虎看着自己儿子，和当初锋芒毕露相比，如今儿子明显成熟了，气息也收敛。“突破了？”秦烈虎问一句，他很清楚自己儿子修炼是传说中的修仙法门，要修行有成是何等之难。“两年半前突破的。”秦云微笑说道。秦烈虎眼睛一亮，这一突破当真是鱼跃龙门。“好好好，我秦烈虎有一个了不得的儿子。”秦烈虎激动万分，此事牵扯甚大，他甚至都没敢和妻子常兰说。“你们父子俩就不能进屋坐下说？”母亲常兰则道。“先进去，先进去坐。”秦烈虎也连道。……陪父亲母亲聊了片刻，便听到外面传来声音。“二弟，二弟，二弟！”老远便传来喊声，声音中满是喜悦。“哥。”秦云也起身，“爹娘，我去迎迎。”“去吧去吧，你和你哥也六年没见了。”母亲常兰笑道。秦云则连起身走出厅外迎去，很快看到远处走来的一大家人，一位锦袍青年带着一位美娇妻，带着一男一女两个孩童。“二弟。”锦袍青年看到秦云，不由激动连跑过来，一把就抱住。“哥。”秦云也抱着兄长。他和大哥感情极好，秦家还在微末之时，他俩小时候都是在村里长大，更经过大磨难，自己当时年龄还小些，大哥当初却已经是少年，处处照顾着自己。“你这小子，你一去就是六年！走之前你不说了，就三年么？突然来信，说还要在外三年？”锦袍青年忍不住道，“三年又三年，你真是，让一家人都为你担心。”“都是我的错。”秦云连道，“见过嫂子！哥，这两个小家伙就是你信里说的‘舒彦’和‘舒冰’吧？乖侄儿，乖侄女，长的真俊。”说着还捏了捏两个孩童的小脸，惹得这两个小孩吓得抱住父母的大腿。“你们俩还不赶紧拜见叔父，别怕，怕什么，这是你们叔父，快叫。”锦袍青年连道。“叔父。”两孩子都约莫三四岁，还有些懵懵懂懂。“好好，我这有两块护身符，可贴身携带，都收好。”早有准备的秦云从怀中拿出两锦囊，从中取出两块玉符，玉符通体暖白，上还有复杂符纹雕刻，看了就情不自禁觉得心静舒服。锦袍青年‘秦安’眼光也不一般，一看就猜出这两块玉符不一般：“二弟，太贵重了。”“贴身带着，对小孩好。”秦云说道。……当天中午，秦家一大家人聚在一起吃着午饭，午饭很丰盛，丫鬟们也很开心的端着一盘盘菜送上来，秦府对下人们还是很仁慈宽厚的。秦云很开心和父母、哥哥一家人在一起，这种幸福团圆感是他很享受的。“大人，大人。”午饭过后，有一位捕头来到厅外高声喊道。厅内的众人一听。“今日云儿回来，就不能歇息一日？”夫人常兰有些不满道。“夫人，我且先去问问。”秦烈虎则连道，立即起身朝外走去。外面的捕头壮汉身高八尺，虎背熊腰，手持着一根粗壮大铁棍，目测也有上百斤重，怕是挥舞起来轻易都能轰碎一堵墙，他此刻却是乖乖在外面候着。“老徐，什么事？”秦烈虎走到近前，才压低声音问道。今日他早就吩咐了，没大事就别来打扰他了，毕竟离家六年的儿子刚回来。“大人，我也不想来打扰大人，可郡守大人亲自吩咐，让你务必过去，有重要之事，恐怕这一两天都没法回家。”徐捕头连道。“郡守大人？一两天？”秦烈虎眉头一皱。郡守，整个广凌郡军政大权于一身，因为有妖魔祸乱一方，郡守大人紧急情况下更有七品以下先斩后奏之权。在广凌郡也没谁敢挑衅郡守大人之权威。秦烈虎连回了厅内。“郡守大人有事吩咐我过去，怕这一两天都要在外了。”秦烈虎披上外衣，将一旁的单刀挂在腰间。“小心点。”夫人常兰连嘱托道。“我去送送爹。”秦云则连起身。“送什么送，你回去好好陪你娘他们。”秦烈虎和自己儿子一边朝外走，一边说道。“二公子，六年没见了，怪想二公子的。”一旁的徐捕头则笑呵呵道。“徐叔，你这风火棍都大了一圈，看来实力大进啊。”秦云说道。“不值一提，不值一提。”徐捕头连道。在十五岁时就成为广凌郡城年青一代第一人的秦云面前，徐捕头自然谦逊。“爹，一两天不能回来，有什么大事吗？需要我帮忙吗？”秦云询问道。秦烈虎瞥了眼自己儿子，笑道：“放心吧，在广凌郡城内，官府才是最强的！”“嗯。”秦云点头。送父亲到府门口。门外早有准备好了马，父亲和徐捕头分别骑马飞奔而去。秦云看着父亲离去，却调动体内的真元开始施展法术。“法眼，开！”秦云的双眸瞳孔深处，却是有法纹凝结。表面看不出任何变化，可在秦云的双眸中，天地却变了！原本还是下午时分，太阳高悬，可此刻在秦云的双眸观看下，天空则是弥漫着无尽的青色气息，远处骏马上的父亲‘秦烈虎’身上有着少许诡异的气息缠绕，有淡粉色气息、深绿色气息、血红色气息……足足六种气息，可每一种都很微弱，怕随着时间都会最终消散。“父亲身为三大银章捕头之一，偶尔接触到妖怪，沾染上些许妖气也很正常。”秦云心中也轻松，这些妖气都只是沾染体表，未曾渗透身体内部，并无任何隐患。秦云转头朝府内走去。他法眼维持着，观看下，人类散发着人的气息，花草树木也有各自气息，万物生灵皆有各自气息，气息强弱不一，在法眼下一切无所遁形。当然在自家府内论生命气息，不算自己，父亲当为第一！这些丫鬟仆人的生命气息就相对弱多了。“云儿，来来来，别管你爹了，你爹经常要办差。”厅内母亲常兰催促道。秦云朝厅内看去。法眼观看下，厅内个个气息显现。母亲、嫂子包括侄儿侄女的气息都很正常，只是自己大哥的气息……“嗯？”秦云心中一惊。只见一身锦袍的大哥‘秦安’气息却比较虚弱，并且还有一股浓郁的邪恶的绿色气息渗透进秦安体内，并且和秦安的生命气息完全交缠在一起。“妖气！好浓的妖气，已经深入肌理脏腑。和我哥的纠缠绝非一次两次，我哥的生命气息都很虚弱，再这么下去就掩饰不住，会直接病重身死了！”秦云心都在颤抖，满腔怒意和杀机，“到底是谁，对我哥下如此毒手？”秦云心中又惊又怒，又后怕！因为若是自己晚回来半年，恐怕就再也见不到大哥了。——终于，新书再度起航。番茄很感动，之前预热时就有熟悉的老k（karlking）、凌羽、轻唱你的温柔、江南v神话、r小月月、困盹、最后的泰坦、谪仙子、无良酱油、雨细喃喃、守护天使等一个个盟主打赏，还有很多红盟熟悉的老人，都是陪伴我很久的老读者，请恕无法一一记录，一切番茄都会记在心底，能做的就是写出精彩好看的小说。", 第一章 归来
"<div id=""content"">待得傍晚时分，大哥‘秦安’才不舍的和兄弟告别，带着妻子儿女乘坐马车前往南城。夜幕降临。秦云换了一身黑衣，来到了大哥秦安的宅院外，站在黑暗角落。“以我在大哥身上留下的印记来看，就是这了。”秦云看着这座宅院，“这还是我第一次来大哥的宅院，没想到就是因为妖怪的事。”一迈步，便已经飞过十余丈到了宅院内的一座楼阁屋顶，悄无声息，他半蹲着扫视整个宅院。宅院占地数亩，也有数个仆人在巡查，在阴暗处更有护卫高手守护。“法眼，开！”秦云双眸瞳孔深处法纹凝结，再度开启法眼。法眼观看下，隐藏着的两个护卫高手，明暗巡逻的六个仆人，个个生命气息显现。秦云也看到了大哥‘秦安’和妻子儿女等人的生命气息，如今应该都已入睡。在自己法眼范围内，便是有房屋阻碍，一切气息依旧无所遁形。“找到了。”秦云很快在丫鬟住处的其中一个屋子，看到了里面浓郁的绿色妖气。嗖。身影模糊悄无声息就穿过十余丈距离来到那屋门处，轻轻一推，里面门栓就自然打开。……屋内。穿着贴身衣裤的少女正盘坐在床铺上，她正皱眉。“哼哼，还要三个月，妖气才能真正融入他的三魂七魄，到时才算大功告成。”少女眼眸中泛着恐怖的煞气，“算上我在这已经待的六个月，就为了这一个小小富商，我给他当丫鬟九个月？等到头领的大事完成了，这宅院内骂过我欺负过我的，一个个全部吃掉！”一头凶戾妖怪，被当丫鬟呼来喝去半年，怎能心中不怒？只是现在憋着而已。“等到后半夜，那秦安熟睡了，还可以再去吸一次阳气。”少女闭上眼睛，耐心默默等候着。忽然——门悄无声息就推开了，没发出丝毫声响。可少女还是有所感应的睁开眼，一眼就看到推门而入的黑衣青年，黑衣青年很随意的走了进来，走进来的同时还有无形波动以他为中心弥漫开去。“封！”秦云进来的同时，也施展了法术，一光罩弥漫开来，罩住了秦云和屋内的少女。当然肉眼凡胎看不见这光罩。法术‘封禁术’，可封禁四方，有困敌之效！也可隔绝内外，别人听不到声音。更可封禁敌人实力，乃是一门极为了得的法术。秦云随手又关上了屋门。“法术？”少女心中一颤。法术，乃古往今来的道门佛门高人从天地自然中悟出的法门，法术都是秘不外传的，且施展起来都极难极难，入门门槛都极高，能施展出法术，就已经显示了眼前这黑衣青年的可怕。“原来是一只猫妖。”秦云轻声道，看着眼前的少女，在法眼下，自然看出少女的原形。少女穿着贴身衣裤，怯生生走下床铺，赤着一双小脚站在那，柔柔弱弱连道：“前辈饶命，前辈饶命，我虽在这秦家，但并没有为恶。”“没有为恶？那这家主人秦安身上，怎么尽是你的妖气，且都深入肌理脏腑？”秦云也不急着动手，因为他有太多疑惑之处，“若是如此下去，这家主人秦安怕是要不了多久就会重病在床，医药难救，唯有身死。”“什么。”少女大惊，忍不住眼中含泪，“我没有，我没有想要害秦郎。”“没有？”秦云冰冷看着她，“可你就是在害他。”“我没有，我没想害他，我不知道！”少女焦急自责道，“不瞒前辈，我和秦郎是真心相爱，又怎会舍得害秦郎？只是我身为妖怪，一直不敢告知秦郎，难道是我和秦郎欢好，让妖气渗透到他身体了？”“欢好？”秦云冷笑，“他阳气如此之弱，可不仅仅只是欢好，怕是你在故意吸他阳气吧。你完全可以一次就将他阳气吸光，可你却每次只吸取少许，到底有何图谋？”少女暗惊：“这青年看起来很年轻，还以为见识一般，本想蒙骗过去，找个机会逃掉，哪想连我吸阳气都能看出。”“我没有害他，真没有。”少女连道，“前辈你要相信我。”“人和妖怪相恋生子的都有，仅仅欢好，岂会阳气衰弱到如此地步？”秦云冷笑，“到这时候还在撒谎，还不老实说来。”“我，我也不知道……”少女泪水滑落，痛苦无比。但是紧跟着毫无征兆的猛然朝旁边窗户冲去，她速度太快，一瞬间就化作了幻影，右手更是立即长出了毛发，更有利爪长出。她右爪猛然一挥就要撕裂这封禁光罩。太快了！可站在一旁的秦云速度更快，他几乎瞬间就到了少女身旁，左手一伸就抓了过来。少女惊慌要闪躲，可那抓过来的左手看似普普通通，却怎么都躲不开，五根手指轻易就抓住了她的脖子。少女此刻也已经大变样，全身都长出了毛发，脑袋上也着毛发，耳朵都变成了猫耳朵，双眸也变得绿色，瞳孔成竖瞳，口中更是有锋利的牙齿，她还欲要挣扎。但是秦云左手中大量真元之力涌入猫妖少女体内，在她体内再度施展封禁之术，少女立即反抗不得。“嘭。”随手一扔，猫妖少女直接被摔在地面上。“说吧，在我面前就没必要说谎，没用的，不说出让我相信的理由，就只能除掉你了。”秦云看着她。他必须弄明白兄长被下毒手的原因。吸阳气很常见。妖怪大多对月吸收太阴之气修行，孤阴不长，想要阴阳调和？太阳之力又太恐怖，而人之阳气就是最佳之选，吸收后对妖怪修行有大助力。所以妖怪吸阳气倒也常见。可一只妖怪耗费一年半载，每次只吸收少许？还来当丫鬟？太浪费时间了，有这点时间，可以吸收上百人了，每人吸收部分，吸收的要多多了。“说。”秦云看着她，无形煞气笼罩过来，猫妖少女心颤，知道眼前人手下怕是杀过不少妖怪，不是那种初出茅庐的修行者，面临生死关头，暗忖：“不说，就是个死。若是傻乎乎说了，恐怕还是个死！顾不得了，只能死中求生。”“前辈慧眼，我这点手段瞒不过前辈。”猫妖少女连道，“我辛辛苦苦在这当丫鬟，每次只吸收少许阳气，日积月累是希望我的妖气逐渐渗透，如今渗透肌理脏腑，再过上两三个月，怕就能渗透入三魂七魄。”秦云眼皮一跳。“到时妖气渗透三魂七魄，便是修行高人来此也束手无策，这时候他要么病重而死，要么唯有我这个妖气的主人能够救他。”猫妖少女说道，“从此他便只有依靠我而活。”“妖仆？”秦云声音冰冷。妖气入魂魄，那就真没救了，只有靠妖气的主人而活。生死受妖怪控制，乖乖成为妖怪仆人。“不能算妖仆，我若是愿意，我这妖气的主人还可以抽离妖气，让他恢复正常。”猫妖少女连说道。“抽离妖气？都渗透魂魄了，你要一丝丝抽离妖气，怕也要耗费数年吧。秦安一个小小商人，不值得你们耗费如此大力气。”秦云冷声道，“是因为他的父亲？”父亲秦烈虎，乃是三大银章捕头之一，乃是广凌郡城的权势人物。“我也是奉我家头领之命行事。”猫妖少女连道，“个中缘由，就不清楚了。”“你家头领他在哪？”“就在广凌郡城。”猫妖少女为了活命，老老实实说道。“带我过去。”秦云瞥了眼猫妖少女。“我愿意带路，只是前辈得饶我性命，我也只是一小妖，被逼迫才如此。”猫妖少女看着秦云。“别废话，带路。”秦云抓着猫妖少女肩膀，猫妖少女反抗不得。“若是前辈不肯给我活命机会，那我只有宁愿一死了。”猫妖少女咬牙。秦云沉默。猫妖少女也是在赌，她相信这人如果要救秦安，一定想要查出背后指使者。时间在流逝，猫妖少女闭上眼睛，咬牙硬撑。“好，我答应你，只要能够找到背后指使者，确定是他吩咐你做的。我可以饶你一命。”秦云说道。猫妖少女心中一喜，她知道人族修行者越是实力强，越是心高气傲者，就越加在意承诺！一诺千金，轻易不会反悔的。“前辈慈悲，给我一条生路，我这就带路。”猫妖少女连说道。嗖。抓着猫妖少女的肩膀，秦云悄无声息离开了大哥的宅院，宅院内的仆人依旧巡逻着，他们根本没听到任何动静，并不知道有一只盘踞在宅院半年之久的猫妖已经被抓走。", 第二章 擒下
"<div id=""content"">仅仅片刻，秦云抓着妖力被封禁的猫妖少女，来到了一座富商大宅外，隐藏在院墙外的一处阴影下。“就是这了，我家头领就居住在这。”猫妖少女压低声音说道。秦云开了法眼，能透过院墙轻易探查着里面宅子。“没有妖怪？”秦云觉得疑惑，他观看下，观看范围内，这是一个普普通通的富商宅院，他都发现不了丝毫妖气。“你肯定你家头领就在这？”秦云施展出封禁术，封禁光罩笼罩了自己和猫妖少女，不泄露丝毫声音。猫妖少女连点头：“肯定！这宅院看似寻常，甚至还安排了富商一家居住。可实际上这宅子分内外两部分。我家头领他们都是在内宅院生活，甚至内宅院下方还有着一座更庞大的地下宫殿，是我家头领真正长期居住的地方。”“地下宫殿？”秦云有些吃惊，“在地下建造出奢华宫殿，还不被官府发现，绝非三五年能成的，看来你家头领盘踞在广凌郡城也挺久了。”“已有数十年之久。”猫妖少女乖乖道。……这座宅院地下，隐秘的宫殿内。一黄袍胖子正笑眯眯坐在华丽宝座上，一粉袍女子酥胸半露依偎着黄袍胖子，给他喂着糕点。在他的左右下首两侧也坐着七位气度不凡的高手，男女老少，都在享用美食美酒，看着眼前的舞蹈。殿厅边上，乐师们在演奏着。琴箫合奏，曲乐时而浑厚大气，时而又悠扬欢快……舞女们随着曲乐变化而翩翩起舞，或是庄重肃然，或是欢快灵动，或是妖娆诱惑……“好。”黄袍胖子和麾下七位高手欣赏着。“老爷，再尝尝这个，奴家亲手做的。”粉袍女子从一碟内取了一点心朝黄袍胖子嘴里塞去。黄袍胖子却是注意到殿厅侧门出现了一黑袍老者。“奴家做的不好吃么？”粉袍女子撒娇怨道。“好吃好吃，美人，你做的好吃，你的嘴巴更甜更好吃。”说着黄袍胖子就转头在粉袍女子嘴上亲了下。粉袍女子这才娇笑起来。“都退下吧。”黄袍胖子随即吩咐道。“是，主人。”乐师们、舞女们都停下，行礼退去。她们早已绝望，自从来到这地下宫殿后就再也没出去过，只能过着这暗无天日的生活，她们甚至不敢有一丝怨言，因为妖怪的手段太可怕！这时候殿厅侧门的那位黑袍老者单手抱着一木盒才走了进来，躬身谦卑道：“褚头领，你需要的星纹钢，耗费八年总算弄到了这一批，一共八十三斤。”“星纹钢？”原本坐在那的黄袍胖子身影陡然模糊，留下一串幻影穿过十余丈距离。刷。就已经到了黑袍老者身前。黑袍老者心头一颤：“太快了，怕是一招就能杀了我吧，不过，别说是妖怪头领，就是旁边的其他七个妖怪，个个都能轻易杀我。”黄袍胖子却是一伸手就抓过木盒，迅速打开，一眼就看到里面摆放的一块块特殊纹路的银白色金属块，不由双眸放光，嘿嘿怪笑道：“这星纹钢是朝廷官府的禁物，民间若是私藏，一旦发现都是抄家灭族的大罪。”“所以真不容易，耗费八年，想尽办法，死了不少兄弟才弄到这一批，一弄到我就立即给褚头领送来了。”黑袍老者连道。“放心，你对我忠心，我自然不会亏待你，你帮主的位置有我在，就没谁动得了！以后十年，你们帮派供奉都免了。”黄袍胖子豪爽道。黑袍老者大喜。有妖怪头领支持，自己帮主位置稳了，免十年供奉？这供奉自然可以进自己口袋了。“谢褚头领。”黑袍老者连谄媚道。“星纹钢。”黄袍胖子却是盯着木盒内的宝贝，拿起一块银白色金属块朝嘴里一塞，他嘴里的牙齿原本普普通通，可忽然就变得仿佛锯齿般狰狞，咔嚓咔嚓咔嚓，硬生生就咬碎了这一块星纹钢，嚼碎后便吞入腹部，他的牙齿也恢复正常。“我论实力在帮内也是排在前三，一斧头砍在星纹钢上也仅仅一条痕迹，且很快就自动恢复了。就这么咬碎了？”黑袍老者暗暗惊骇。黄袍胖子吃掉一块星纹钢后便走回自己宝座坐下，只是他全身皮肤都隐隐有着一条条银色丝线在流动。“恭喜头领，贺喜头领。”“得此星纹钢，头领实力定能大增。”一旁坐着的七个手下却都起身贺喜。有些珍贵材料都是仙佛神魔妖怪们才能利用的，比如星纹钢，这位妖怪头领就能直接吞吃了进行修行提升。“哈哈哈……”黄袍胖子却是哈哈大笑，笑声让整个殿厅隐隐都在震颤。忽然，一位黑衣青年单手抓着一柔弱少女，仿佛走在自家后花园般，从殿厅侧门很随意的走了进来。来者正是擒拿着猫妖少女的秦云。“嗯？”殿厅内个个安静下来，看着这个不速之客。黄袍胖子脸色微变，随即又坦然坐在宝座上，搂着粉袍女子，皮笑肉不笑道：“我这宫殿有七重守卫，更有机关陷阱。没想到朋友能够抓着我手下，悄无声息就来到了这，我褚庸佩服，敢问朋友，从哪来？来我这又所为何事？”秦云瞥了眼那黄袍胖子，在他法眼下，能清晰看出那黄袍胖子乃是一头野猪妖怪，气息浩荡霸道无匹，一旁坐着的七位也都是妖怪。“他就是你家头领？”秦云没理会那位妖怪头领，而是看着面前的猫妖少女，“是他让你对秦安下手的？”“是。”猫妖少女可怜巴巴的低垂脑袋。“朋友是为秦安而来？”黄袍胖子坐在那，声音雄浑。“对，秦安。”秦云转头看向黄袍胖子，“你为何对秦安下手，还欲要控制他？”“哈哈，秦安的父亲乃是秦烈虎，在广凌郡也是三大银章捕头之一，你也知道，一个银章捕头我还不放在眼里，可朝廷官府的人多兵器厉害，他率领着一众捕快们，也让我很是头疼。所以欲要借他这儿子性命，和他好好谈上一谈，所以才出此下策。”黄袍胖子笑着，“不过朋友既然出手，我自然可以给朋友一个面子，可以揭过此事，不过敢问朋友来自何处？在我广凌郡城应该没有朋友这等高手。”“哦？你认为我不是广凌郡城的？”秦云道。“哈哈，我褚庸在广凌郡城至今已有六十八年。”黄袍胖子自信道，“不管是人族，还是妖怪，厉害的我无所不知。”“无所不知？”秦云点点头。呼。秦云随后将抓着的猫妖少女朝旁边一扔，摔在地面上，猫妖少女连起身，同时低声哀求：“我已带前辈来此，还请前辈遵守承诺收回法术，放我活命。”“我将这修行者带到这，头领定不会饶过我，我得趁这修行者和头领对峙时逃离。”猫妖少女思忖着。“噗。”猫妖少女忽然身体一颤，封禁她妖力的真元力量瞬间搅碎了她的心脏。“你，你不守……”猫妖少女眼睛中满是不甘和愤怒，跟着便软倒在地，身体扭曲现出原形变成了一只黑色大猫尸体。秦云看着她：“对有些人的承诺，得信守，甚至用生命去完成。可对有些人，遵守承诺那是愚蠢、迂腐！对妖怪也是如此！我若是那般愚蠢，早死在妖怪手上不知多少次了。”话音一落。殿厅内的个个脸色变了。“早死在妖怪手上不知多少次了？”黄袍胖子低声自语，瞳孔微缩，“妖怪本就罕见，他似乎对付过很多妖怪。”“朋友，我对付秦安的事，你也杀了我一手下，可否揭过此事？”黄袍胖子起身盯着秦云，他身旁的粉袍女子却有些紧张。而那原本坐着的七个妖怪也都站了起来，个个盯着秦云。至于那位黑袍老者则是紧张发颤，他虽然掌控一帮派，有数千帮众，可此刻有的只有心慌恐惧。“不能。”秦云摇头。黄袍胖子眼中凶光一闪，猛然喝道：“杀！”声音轰隆，仿佛炸雷响彻整个殿厅，殿厅都震颤了下，条案上的一些杯子、碟子很多都直接炸裂。“嗖嗖嗖……”男女老少，七个气度不凡的高手瞬间动了，有五个直接飞扑冲出，有一个妖怪是化作一团雾气，更有一个妖怪凭空消失。“能隐身？”秦云心中略有些惊讶。————公众期间，上午11点左右一章，晚上8点左右一章。", 第三章 妖怪头领‘褚庸’
"<div id=""content"">显露身形的妖怪们身体都发生了变化，有的皮肤长出黄色绒毛眼睛变得碧绿，有的脸上出现厚皮，头部长出尖角……尽皆显现出部分妖怪特征。并且他们有的双手持着两根尖刺，有的抓着一柄大斧，有的则是使用着软剑……都是这些妖怪们最擅长的兵器，威力皆是不凡，他们中速度有快有慢，即便慢些的也同样在半空留下幻影，速度可想而知。一团化作雾气的更是诡异，难以看清它真身，那隐形消失的妖怪更是让一旁的黑袍老者看的心颤：“能隐身？怎么打？这些妖怪太可怕了。”而黄袍胖子‘褚庸’虽然下令，却依旧站在那看着：“我这七个手下，实力也都不弱，七个联手足以看出这个神秘高手的虚实。”高手相争，有时候就差一线。摸清眼前神秘高手的一些底细，或许就能在交手上占到先机。“七个？”秦云站在那，一动不动。“刷！刷！刷！”右手瞬间拔剑，又紧跟着插回了剑鞘。半空中只是几道寒光犹如游蛇般闪烁而过，原本飞扑杀来的五个妖怪尽皆跌落在地，那一团诡异莫测的雾气同样显现出一具尸体且迅速变化为一头豹子，还有秦云的背后半空中也凭空显现出一名女子尸体也立即变化成一头雪貂……七个妖怪个个摔落跌倒在地面上，手中兵器都砸在地面上发出轰隆声响，且个个现出原形，有的是狼妖，有的是豹妖……七个妖怪尸体都比寻常的野兽尸体大的多，可它们却都躺在那一动不动了。站在远处一动不敢动的黑袍老者、粉袍女子都脸色发白。“死了？七个妖怪，瞬间就死了？”黑袍老者难以置信，“他的剑，我都看不清！”“好快的剑，你是靠法眼破的隐身术？”黄袍胖子褚庸站在那，声音低沉，“难怪敢一个人就闯进来，不过，来到我的地方是你做的最错的一件事。”说着他猛然左手一拍击旁边宝座的扶手，这一拍击力量极大，让扶手咔的一声，那一侧扶手整个都猛然一沉。整个大殿的侧门轰然关闭，殿壁上顿时露出了无数孔洞，顶部也露出无数孔洞。“不好。”黑袍老者露出惊恐绝望色。“老爷。”粉袍女子也绝望了。黄袍胖子却是咧嘴露出狰狞笑容，他头颅已经变成了一丑陋狰狞的猪头，全身处处长出厚厚的一层毛发，身高更是膨胀到足有丈许高，他的衣服更是早就撑得碎开了。咻咻咻……大殿的穹顶、殿壁无数孔洞瞬间射出一道道黑光，尽皆都是巴掌长的毒刺，黑光密密麻麻笼罩每一处，避无可避。甚至连野猪妖‘褚庸’本身的位置，同样是被毒刺给笼罩。无数毒刺射来，黑袍老者、粉袍女子都是瞬间身体被射出了十余个孔洞，当场毙命，眼中都有着绝望色。噗噗噗……便是那些石制的条案，都被毒刺轻易贯穿！青石铺就的大殿地面也都被射出一个个窟窿。“我建造这地下宫殿，布下如此机关就是要对付一些真正的高手啊。”野猪妖‘褚庸’满是期待看着。秦云却是漫步而行。他的步伐时而快一丝，一根毒刺就从身后擦着衣服飞过。时而慢一丝，一根毒刺就从胸前飞过。时而朝左边倾斜少许，一根毒刺从耳边飞过。时而朝右边倾斜少许，又一根毒刺擦着颈部飞过。毒刺从四面八方射来，秦云却仿佛身后都长了眼睛，每一根毒刺他都能轻易避开。“怎么可能？”野猪妖褚庸瞪大眼，“他，毒刺从后面射来，他看不见，怎么躲开的？难道是……”……秦云行走在大殿内，很轻松随意，他无形的精神弥漫开，笼罩着周围五丈范围，五丈范围内一切之物，便是一粒尘埃，肉眼看不见，他都能感应得到。有五丈范围缓冲，要避开这些毒刺就容易多了。只是身体一次次细微变化，避开一根根毒刺。即便偶尔遇到很难避开的秦云也是右手伸出，轻轻一拨，将高速飞来的毒刺给拨到一旁了。约莫一息时间。所有毒刺全部射完了，大殿也恢复了寂静，只是殿厅处处有着一个个窟窿。野猪妖‘褚庸’那蒲扇般的大手从眼睛前拿开，全身毛发震动了下，体表的一根根毒刺直接跌落到地面上。“听说野猪的皮毛都很厚实，你这野猪妖竟能用身体硬抗这些毒刺，厉害。”秦云难得夸赞了一句。“哼，这些毒刺你轻易避开挡住，是达到‘无漏’之境的圆满层次，精神都能外放了吧。”野猪妖褚庸说道，“精神外放，离天人合一都不远了，没想到你这样的大高手来到我这。”野猪妖褚庸说着一伸手，就抓起了宝座旁边的一根铁柱，轰隆，一丈三尺长的铁柱在身高丈许的野猪妖手中，却很协调，就仿佛普通人拿着一根棍子，野猪妖单手随意舞了个棍花，轰隆隆狂风呼啸，威势让人心惊：“境界高，不一定实力就强！我可杀过好些比我境界高的人族高手。”话音刚落，野猪妖褚庸猛地前冲，跟着手中的铁柱就猛然一个横扫，呼啦——这铁柱有千斤重，横扫下简直所向披靡，擦着便伤，磕着便死。“嗖。”秦云却是猛然一矮身，避开头顶挥舞而过的铁柱，瞬间拔剑出鞘。哗——剑光斜着划过野猪妖的腹部，在剑划过的刹那，秦云便感觉到强大的阻力，手中剑艰难的切割划开一根根毛发，终于切割到野猪妖的厚皮时，这厚皮坚韧的很，勉强划开一条白痕，就已经力竭。“呼啦。”野猪妖褚庸瞬间收回铁柱猛然朝下方戳了过去。而秦云却是挥出一剑后，便立即前冲躲开，又返身袭来。嗖嗖嗖嗖……秦云速度飙升到极致，野猪妖褚庸挥舞着一根铁柱，他的棍法也算厉害，却碰不到秦云丝毫，秦云瞬间在前后左右不同方向连续出剑或劈，或刺，或撩，接连落在野猪妖褚庸身上，只是最厉害的一剑也仅仅刺入厚皮约莫两寸，都没能刺透整个厚皮层。“好厚实的毛皮。”秦云后退到一旁，啧啧感叹，“皮太厚，皮太厚。”“哈哈，我说了，境界高不一定实力就强，你的剑都破不了我的皮，你怎么和我打？我只要打中你一下，你就死定了。”野猪妖褚庸大笑。“你的皮是挺厚实，也配见一见我的‘烟雨剑’了。”秦云开口，“这是我自创的一门剑术。”“自创？”野猪妖褚庸大笑，“一门厉害剑法得千锤百炼，你自创的又能如何？”“是吗？”秦云迈步上前。“给我死来！”野猪妖褚庸手中铁柱朝前方一捣，秦云轻易避开并且出剑，剑光迷蒙，如三月烟雨，烟雨蒙蒙，如梦如幻。野猪妖褚庸手中铁柱却是上拉下压，迅速阻挡。噗。迷蒙的剑光和铁柱碰撞在一起，铁柱微微变向，剑光则是旋转着绕着铁柱跟着一送，划拉，迷蒙的剑光就划过了野猪妖褚庸的腰部！野猪妖褚庸原本没当回事，他对自身身体太自信了，可是紧跟着他便瞪大了眼睛，疯狂要捂住腹部。哗啦，他的身体一分为二，上半身和下半身完全分开，跌落在地，鲜血满地。秦云这才收剑，插入剑鞘。野猪妖褚庸的生命力强大的很，抬头看着秦云：“这，这怎么可能，你之前都破不了我的皮，怎么，怎么一剑就……不可能的，我天生皮毛厚实的很，又得水神传授炼体法门，怎么可能一剑就被你斩断身体，这还是你自创的剑术‘烟雨剑’？”“对。”秦云点头。野猪妖褚庸下半身已经化作原形，上半身也开始转化，他盯着秦云：“你杀我，就因为那个秦安？你到底是谁？”不甘心。他盘踞广凌郡城六十八年，就这么不明不白死在一个神秘高手手里。秦云看着野猪妖，开口道：“对，杀你，就是因为秦安！因为，我是他的弟弟！”", 第四章 我是他的弟弟！
"<div id=""content"">“他的弟弟？”野猪妖褚庸喃喃低语，跟着瞪大眼，“你是那个叫秦云的？”他想到了。秦烈虎有两个儿子，一个是秦安，另一个是当初颇有名气的少年剑客，不过六年前就离家游历天下了。而且六年前的秦云的实力，也就在年轻一代中炫耀炫耀，在真正的强者眼中还很稚嫩。野猪妖‘褚庸’是广凌郡城暗中的恐怖妖怪之一，哪里瞧得起当初一个小家伙。“你杀了我，水神他不会放过你的。”野猪妖褚庸感觉到意识在变弱，不甘的低吼着，“水神不会放过你的，不会放过你的。”“水神？整个广凌郡十个妖怪有七个是水神的手下吧。”秦云嗤笑，“杀妖怪，还怕得罪水神？”野猪妖褚庸上半身也完全化作原形，一头庞大野猪的半边身子，再也没了声息，彻底死去。整个殿厅一片寂静。妖怪头领、包括猫妖在内的八个妖怪，以及那位粉袍女子、黑袍老者，尽皆都已身死。只有秦云一人站在殿厅中央若有所思。“只要看这妖怪头领尸体，一剑能断开身体，整个广凌郡也没几个能做到，很容易暴露身份，这些都得处理下，我离家六年刚回来，还不是和水神对上的时候。”秦云心中定计，便在这大殿内简单搜刮了下，更发现了那一盒星纹钢。“星纹钢？”秦云看着碎裂木盒显露出的一块块银白色金属块，“有这数十斤星纹钢，我的本命飞剑根基将浑厚，且炼成所需时日也能缩短一两个月。”他又将大殿内那些妖怪尸体都查探了个遍，可再也没有‘星纹钢’这般让他惊喜的。跟着，秦云从怀中取出了一红色锦囊，打开锦囊，里面有一小瓶，拔开瓶塞，小瓶在妖怪尸体上都滴落了些液体，野猪妖褚庸的尸体上滴落了七八滴，其他妖怪尸体都只是滴了一两滴。“嗤嗤嗤。”跟着便是放火点燃。野猪妖褚庸的尸体，一般焚烧个数日怕都有骨头留下，可此刻滴落的液体却是燃烧出幽蓝的火焰，这幽蓝火焰不断的侵蚀着野猪妖的尸体，侵蚀了仅仅十余个呼吸，尸体便焚烧殆尽，只有一些灰烬残留。至于其他妖怪尸体，虽滴落的液体只有一两滴，却都个个早化作灰烬。“这‘幽水’不多了，得再调配了。”秦云嘀咕了句，走到了那宝座扶手旁，稍微摸索两下，就将扶手恢复好。“轰隆隆~~~”原本落下关闭的大殿侧门也都再度开启。秦云法眼观看下，轻易找到妖怪头领‘褚庸’平常起居之所，仔细寻找，很快就找到藏着的一百宝箱，里面有着宝石、珍珠等物以及一叠银票。“好家伙，六万三千两？”秦云翻了下银票有些惊喜，“这头老妖乃是水神麾下，他大部分所得都要献给水神吧，平常修行也有诸多消耗，这样都能让他攒下如此多银子。”“修行，讲究法财侣地，法排第一，没有法门，根本无法修行。这财便是排第二。”秦云摇头，“我乃剑仙一脉，其他消耗到是极少，只是孕养我的本命飞剑所需极多，这六年在外的积累，大半都砸进去了。幸好这次得了这些银票和那数十斤的星纹钢，加上我原本积攒，勉强够接下来一年孕养本命飞剑所需。”修行人，也头疼。像符箓一脉的，便是最低等的符纸朱砂，长期练习的消耗都很惊人。若是想要制作一份符箓，代价更高。像炼丹，炼法宝的，先都是大量投入去练手，想想都可怕。……将整个地下宫殿的妖怪们的住所搜刮了一遍后，拎着两个包裹，便迅速离去，在离去前还传音响彻整个地下宫殿，声音如老者，沧桑且雄浑：“妖怪们都已被我斩杀，你们还是速速逃离这里，活命去吧。”说完，便已离去。地下宫殿，是妖怪们享乐之地，却是人族的苦难绝望之所。虽然听到大殿的各种巨响，可那些舞女、乐师、仆人们个个吓得躲在各自住处，都不敢出来。待得听到秦云的传音，等了好一会儿，他们才小心翼翼出来，发现没遇到阻拦，许多机关大门都早就打开，一路畅通无阻，个个才激动逃离，逃到街道上时，立即被街面上巡夜的衙役发现了，这地下宫殿自然就暴露了。一查，广凌郡城的官府人马就知晓，这地下宫殿的主人乃是‘妖怪头领褚庸’。对广凌郡城而言，‘妖怪头领褚庸’是隐藏在黑暗中的最恐怖的几个老妖之一，祸乱郡城数十年之久，他的老巢也一直是个谜。此事，立即惊动广凌郡城高层。******秦府，在属于秦云的一座小院***室中。暖暖的灯光透过灯罩，洒在这一方室内。“咚。”秦云将装有银票珠宝等物的包裹随手放进床旁的衣箱内，另一个包裹则是放在床上很快就打开了，里面便是一块块星纹钢：“星纹钢，民间私藏之，一般都是抄家灭族的大罪，不过以我身份，这点星纹钢就算被发现了，也只是小事。”盘膝坐在床铺上，秦云闭眼静心片刻。体内丹田中。丹田如海，有真元所化河流奔腾游走，其中有着一颗亮银色金属球体在丹田内悬浮着。忽然，这亮银色金属球体旋转着竟然缓缓展开，展开成了一条‘金属发丝’。如果说亮银色金属球很小，约莫砂砾大。那它展开的金属长条就更加细长了，犹如头发丝。“咻。”这金属发丝瞬间飞出了丹田，沿着体内脉络穿行，很快从手臂脉络来到右手食指尖，噗，瞬间穿出，在皮肤上留下头发丝般细小伤口，以秦云的实力自然瞬间就恢复。这一缕亮银色发丝从手指尖飞出后，就立即变大，急剧变大。变成了一柄足有三寸长的亮银色的小剑，悬浮在秦云身前。“本命飞剑。”秦云盘膝坐着，看着身前悬浮的三寸长的飞剑，“还有近一年时间，我的本命飞剑才大功告成，到时进出丹田也无需如此小心翼翼了。”现在本命飞剑还没真正炼成，飞剑在体内可是敌我不分的，若是刺破脏腑，一样重伤，所以平常在丹田内孕养时，都是卷成一颗‘剑丸’，若是以‘剑形’在丹田内存放，如今又没真正炼成，一不小心伤了丹田，后悔都来不及。本命飞剑一旦炼成，便属法宝一流，可大可小，威势恐怖。就算再得到一把炼好的飞剑，也远不如本命飞剑。何为‘本命飞剑’？那是日日夜夜在丹田内孕养，甚至用魂魄融入孕养，日积月累下，逐渐转化成生命一部分，威力自然强的恐怖。若是本命飞剑被毁，轻则重伤，重则修行之路就此断绝。“去。”拿起旁边一块约莫十斤重的星纹钢，随手一扔，顿时有真元丝线从手指飞出包裹着星纹钢，悬浮在那三寸长飞剑的下方。嗡~~~随着秦云运转法诀，三寸长的飞剑表面有一层光晕在流转，不断吞吸着下方星纹钢的精华，一点点光点从星纹钢中飞出，飞入了三寸飞剑中，而那一块悬浮着的星纹钢渐渐有一些碎屑飘落。经过小半个时辰，三寸飞剑震颤了下，发出一声剑吟之声。“今日便到此吧。”秦云一伸手，那已经小了一大圈的仿佛鹅卵石般的星纹钢飞回手中，只剩下约莫两斤重，“炼化了大概八斤重的星纹钢，一天炼化一次，怕是十天就能将这些星纹钢全部炼化掉，我的本命飞剑根基也能更浑厚。”“要孕养炼化一柄本命飞剑可真不容易，若是一般修行者，即便是同是剑仙一脉，怕是要耗费数十年苦工才能孕养炼成自己的本命飞剑，我悟得‘烟雨剑意’，孕养飞剑快了十倍，只需数年苦工便可大功告成，可惜孕养本命飞剑所需材料却是一分少不得。”秦云暗暗感慨。当真金山银山扔进去，只为一柄飞剑。", 第五章 本命飞剑
"<div id=""content"">“来。”悬浮在身前的三寸飞剑迅速变大，足足达到三尺长，像寻常的佩剑。伸手握住这一柄神剑。如今虽还未大功告成，可依旧锋利无匹，切割寻常铁石犹如切割豆腐。不过秦云可舍不得拿出来用，若是稍微受损，那后悔都晚了。“当初我十三岁得剑仙传承，满心欢喜，却没想到叩开仙门是那般艰难。”秦云感慨，“二十岁前不入仙门，终生无望，我是快十九岁了才叩开仙门。”修行按大境界划分，可划分为后天、先天、元神这三重大境界。后天，可细分为炼气十二层，一层比一层难。先天，可细分为虚丹境、实丹境、金丹境。元神？那早已是传说！其中‘叩开仙门’，指的是从炼气九层突破到炼气十层，这一突破，乃是真气液化，化作真元！也是修行之始。同样也遭天妒。寻常纸张下笔去写第十层的炼气法门，写出来文字都直接消失！想要口述给他人，都会张口结舌，硬是说不出话来。而‘二十岁前不入仙门，终生无望’这一说法，是因为二十岁前，在长身体，肉身充满无尽生机，体内经络都充满无限可能。这时候叩开仙门，凝练出真元的希望是最大的。一旦过了二十岁，身体达到巅峰便开始逐渐走下坡路，叩开仙门几乎就无望了。“我十三岁时人剑合一，同年便是炼气九层！便是加入一些二流三流修行宗派也不是难事，叩开仙门应该也很轻松。只是我得到的乃是八百年前先天金丹境前辈‘辰道人’留下的一份剑仙传承。”秦云慨叹，“剑仙传承，乃是这修行界最顶尖传承之一，修行难度也十倍百倍于寻常修行法门。”“修行界有一句话‘一剑破万法’，这剑，便是剑仙的飞剑。”秦云摇头，“可我只得到传承，却没有师傅前辈帮助，剑仙传承又比寻常法门难上十倍百倍。”“十三岁得传承，十五岁离家，更经历诸多生死之战，更去了北地边关。”“快十九岁，才叩开仙门。”秦云自己都唏嘘。自己叩开仙门，没有师傅前辈帮助，完全是靠自己硬生生闯出来的。“嗯？天亮了？”秦云发现窗外蒙蒙亮。“收。”秦云心念一动，手中的这三尺神剑立即急剧缩小，一直缩小到发丝般细小，迅速就钻进食指皮肤，沿着脉络朝体内游走而去，很快又回到了丹田中，在丹田内，它旋转着卷了起来，卷成了一颗砂砾般大的亮银色金属球。这一颗剑丸在体内，受魂魄以及真元长期孕养。起身下地，秦云看了眼地面上已经被炼化掉的星纹钢残留的碎屑废渣，真元之力外放瞬间就裹挟住地面上的那些碎屑废杂，裹成的一个小球，再一挥手，那碎屑废杂小球就落到一旁的竹篓内。抓起床上那一包裹的星纹钢也放进了衣箱内，两包裹都藏在衣箱内的一些衣服下，并且留下真元印记，这才合起衣箱锁上。开门走出屋子。清晨，凉气重，秦府的下人们已经开始打扫、生火做饭了。……洗漱后，秦云换了一身锦绣衣袍，一副翩翩贵公子打扮。人在他乡时，自然低调穿着普通。可如今回到家乡，身为秦府二公子，自然不能丢了秦府的脸面。“二公子早。”“二公子早。”秦云在府内散步，下人们个个行礼连道。看着府内一草一木，一条条小径，曲折廊道，倍感亲切，很快来到了练武场。练武场一旁有兵器架，远处墙边有箭靶。“练武场。”秦云露出一丝笑意，父亲当初在这练武，大哥也是，年少时自己也是在这吃苦流汗练剑。母亲就经常坐在一旁的石桌旁笑看着。‘人剑合一’之境，更高一层便是‘无漏’之境。无漏，便几乎是后天生灵的极致，身体无漏，对身体的一根毛发都控制到完美地步，学过的剑法即便长时间不练，也不会生疏。达到无漏之境，按理说无需每日苦练，可秦云虽然减少练剑时间，但每日还是习惯练剑。“呼。”腰间长剑出鞘。秦云站在原地，偶尔步伐稍稍移动，手中一柄长剑随意施展着，长剑施展起来，看起来似乎速度并不快，却剑光迷蒙，犹如三月烟雨，如梦如幻，有着让人沉醉的美感。这仿佛不再是杀人的剑，而是一首诗，一幅画。在练武场边上出现一人，正是大哥秦安，秦安好奇看着，也没出声打扰。秦云也没停下，而是练剑片刻后，方才意尽而停，收剑入鞘。“二弟，你这剑怎么这么慢？”大哥秦安这才开口疑惑道，“虽然我感觉你的剑很美，单纯剑术比那些青楼女子的剑舞还美，但也太慢了，这么慢的剑，怎么杀敌？”“哈哈……”秦云笑了，“这是我自创的剑法烟雨剑，你看到的，只是烟雨剑的一面。”“一面？”大哥秦安若有所思，“好吧，你十岁时就击败了我，十五岁就是广凌郡城年轻一代第一人，可那时好歹能看出你的剑很厉害，可现在你的剑我都看不懂了。”秦云笑着转移话题道：“大哥，你来的这么早，现在还没到吃早饭时候，你就从南城来到西城了？”“咱们兄弟六年没见，自然多聚聚。”秦安感慨，“你在外，我也是经常担心，就怕你一去不回啊，好了，不说这些了！说起来也有些奇怪，这半年来，我每日早晨起床都感到疲累，去找郎中瞧了瞧，也说没病，可今日却精神颇为不错。”秦云心中一动。今日不错？是昨晚没被猫妖吸阳气吧。“难道是因为牵挂二弟你？你回来我心情好，就没事了？”大哥秦安嘀咕道。“牵挂我？如果牵挂我，之前五年多都没事，就这半年你不舒服？”秦云撇嘴道，“你是妖气入体了。”“妖气入体？”大哥秦安脸色一变。秦云也没隐瞒大哥，毕竟自己和大哥年少时就经历大磨难，吃过大苦头。‘妖气入体’这种事大哥也能轻易接受的。“昨天我就瞧出来了。”秦云说道。“你昨天怎么没说？”大哥秦安疑惑问道。“打草惊蛇，狗急跳墙怎么办？自然装作一切不知道，暗中去查探，昨夜我已经查清一切，解决了祸患，方才敢告诉你。”秦云说道，“对了，这事你别对外说。”“这我当然知道。”大哥秦安连点头，“我这身体没事吧。”“放心，还有救。”秦云撇嘴一笑。说着从怀里取出早准备的一张符纸，说道：“这‘祛病符’还是从我好友那抢来的，我可不会画这个！”说着真元灌入符纸内催发，顿时符纸无火自燃，有无形力量融入了大哥秦安体内，大哥秦安只感觉通体清凉，原本的些许沉重感都消失，身体一下子舒服了很多。“大半妖气都已祛除。”秦云说道，“不过妖气已渗透你脏腑，有些许妖气根植太深，祛病符可去不掉。”“那可如何是好？”大哥秦安连道。“哈哈，没了妖怪害你，入你体内的妖气便是无源之水。你又年轻，身体壮硕，即便没祛病符，三五年你身体也能逐渐好转。如今祛病符祛除大半，剩下少许对你影响不大，怕是数月时间就能自然而然去除干净。”秦云感慨，“身体本身的生机可是很神奇的。”大哥秦安顿时松口气，随即疑惑问道：“二弟，怎么会有妖怪来害我，我一个小小商人，妖怪会盯上我？是因为老爹？”“嗯。”秦云点头，“等爹回来，我再和你们一一细说。”大哥秦安很快便释然，转而笑道：“二弟，你十三岁那年就炼气九层，我就知道你一定能叩开仙门，踏入修仙之门。如今一看，能看到妖气，能解决妖怪，你果真入了修仙之门。”秦云笑笑。当初得到剑仙传承的事，自己只告诉了父亲！父亲都严令不得外传，连母亲哥哥都没说，就怕一不小心说漏嘴，引来大祸。“叩开仙门可不容易。”秦云只简单说了句。……兄弟俩陪母亲一同吃了早饭，又聊了许久，忽然府内下人连来禀报：“二公子，府外有一人要见二公子，说是你好友。”“好友？你昨日刚回来，就有人要来见你了？”大哥秦安则疑惑。“去看看，看是哪位。”秦云起身。", 第六章 二十岁前不入仙门，终生无望
"<div id=""content"">秦云走到府门口一看，一个秃顶大胡子男正牵着马站在门口等着。“云哥。”秃顶大胡子男顿时露出笑容，嗓门很大，激动大喝道。秦云瞪大眼睛仔细看着，秃顶，浓密的大胡子，只有那五官面容还能辨认出来：“你是小波波？怎么可能，那个羞涩俊俏的美少年，变成如此粗鲁大汉了？”田波乃自己少年时最要好的几个朋友之一，年龄比自己还小一岁。少年时，田波俊俏白皙，还很害羞。如今却秃顶？大胡子？壮硕？“云哥，你怎么能这么说我？”秃顶大胡子男‘田波’连道，“这也太伤人了，我心都痛了！”“别装了。”秦云打趣道。田波嘿嘿一笑。二人狠狠拥抱了下。“云哥，好久不见！”田波说道。“是好久不见了。”秦云放开好兄弟，随即笑道，“不过，小波波，你样子变化是太大了，不仔细看我都不敢认你。”“我怎么知道，十八岁开始，我的头发就不断的掉，急也没用。”田波无奈摸了摸脑袋，“没办法，我父亲是秃顶，我祖父是秃顶，所以我也是这样吧。而且这胡子还疯长，不过还挺霸气吧。”“霸气霸气。”秦云笑了。年少时玩伴，都长大了啊！“你也是，回来的消息也不告诉我，还是从六扇门里传出你已回来的消息，‘西山剑园’无锋公子已经召集各方，今日中午，为你接风洗尘。”田波笑道，“而我则自告奋勇，赶来接你过去。”“接风洗尘？”秦云惊讶，“你们消息还真快。”“一传十，十传百。”田波连道，“走走走，赶紧走吧，多少老兄弟都在等你。”也在大门旁的大哥秦安也笑道：“二弟，你诸多好友都在等你，便赶紧去吧。”“好，大哥，你也不必等我了，今晚我恐怕回来都很晚。”秦云说道。随即。下人早就备好马，秦云便骑马和好友田波一同驾马离去。……西山剑园，在广凌郡城外的西山山脚下。秦云二人骑马悠然前行，一路闲聊。“年少时还想和你一样游历天下，可就这我点本事，见过几场血腥杀戮就吓软了，还是乖乖子承父业吧。现在接下了我老爹名下一些酒楼生意。”田波摇头道，“对了，我前不久刚纳了一个妾。今年被我爹逼着赶紧娶妻了。”“你先纳妾，后娶妻？”秦云惊讶。“肚子大了没办法。”田波摇头，“不过我爹挺高兴，因为生出了个带把的。”“田大财主就你一个儿子，就等你开枝散叶呢。”秦云打趣。谈话间，二人骑马也来到了西山脚下的一湖泊旁，湖泊不起波澜，犹如一块巨大的翡翠，映照着西山。而在湖泊尽头正有着亭台楼阁，依稀能看到些人影。湖泊岸边早有仆人候着，翘首以盼，看到骑马来的二人连迎上去。“田公子，这位是秦公子？”一位管事热情道，“赶紧随我来，我家主人还有其他诸位公子们早就等着了。”秦云、田波也都下马，两匹马交给了一旁的仆人。他们二人则是在管事带领下，上了一艘小船。船虽小，却很是雅致，船夫更是一位美貌少女，一叶扁舟行进在几乎不起波澜的湖泊水面上，如同仙境。“我记得当年船夫还是老者，如今都换成少女了。”秦云感慨。“无锋公子可是最懂享乐的了。”田波也道。西山剑园，本是广凌郡大族李家的大公子‘李无锋’的别院，他喜好剑术，少年时便组建了‘西山剑园’，只有十六岁以下少年才能加入，秦云当初被邀请加入时才十岁，这‘西山剑园’当初只是一个无锋公子为了都寻找些同样爱好剑术的玩伴才创出来，不过随着这些少年们长大后，这西山剑园在广凌郡城也算有些影响力了。在湖泊另一边的亭台楼阁处早有些青年们在喝酒畅谈，他们也注意到了这一艘小船。“哈哈哈……”远处传来大笑声，“剑神来了，剑神来了，我们剑园的剑神来了。”“快快快，秦云兄，赶紧过来，别慢吞吞的了。”一众人都大笑催促。“云哥，走啊。”田波则是立即迈步窜出小船，踏水而行，在湖面上飞奔了二十余丈，才落在远处码头上。秦云也哈哈一笑，也踏水而行，只是他没刻意卖弄，只是踏在湖面上仅仅荡起涟漪，都没溅起水花，犹如漫步般便走到了码头上。“秦云兄，好久不见。”“六年了，来来来，喝酒，真怕你小子死在外面啊，你命大，总算回来了。”一群青年们有些拿着酒壶过来，有人都直接递一酒壶给秦云。秦云接过，笑道：“来来来，喝。”年少时的玩伴，在一起更轻松自在。……二十余人在一起畅快饮酒。“二哥，来比比，上次比剑我输了一筹，这次再来比比。”“好，岂会怕你？”两人将酒壶放到一旁，当即一跃而出，踏着水面，在这青山绿水之间，湖面之上，就开始比试起来。一时间，剑光闪烁，二人身影在湖面上相互交错变幻。“好。”“二哥的剑，大巧若拙，越加气度不凡了。”“呼，好诡异的一剑，吓我一跳。”旁边一众人们饮酒观战也指指点点。伴随着一方被轰进了湖水中全身湿透后，这场比试才结束。“明兄，我们也来试试。”“比比。”一时间，三三两两接连踏着水面开始切磋剑术。比剑，是西山剑园最常见的！这西山剑园当初邀请诸多少年加入，每一个加入都需要在剑术有一定实力的，他们这一批几乎代表了广凌郡城年轻一代剑术最高明的了。喝酒、畅谈、比剑……如今他们都长大了，有了层层生活的枷锁，也让他们更喜来西山剑园，在这可以畅快饮酒，畅快比剑，无需理会红尘俗事。秦云也抓着竹酒壶和好友们喝酒，随意聊着。“张疯子呢？他过去一直找我比剑，怎么这次没看到他？”秦云问道。“张疯子倾尽家财去修仙了，还真拜入了‘戚山派’，可惜他二十岁前没能叩开仙门，便流浪四方去了……”“我是真佩服张疯子，年少时我一心练剑，更想要修仙，只是后来渐渐没了心气，唉，没法子，我爹也老了，如今家族也需我来撑，容不得我乱来。”“层层枷锁，不得自由。”众人唏嘘。在场的都是些练剑高手，一般都达到了炼气七层，对修行路都是有一份渴望的。少年时意气风发，都有各自追求。只是长大后都被世俗的层层枷锁束缚，且达到炼气九层才算有叩仙门的机会，在场的能达到炼气九层的也仅仅屈指可数的三四个罢了。并且想要拜入修仙宗派也是极难极难。“玉清妹子呢？”秦云又问道，玉清妹子是他们西山剑园中唯一的女子。“她父亲调任南明郡了，她也随他父亲走了，以后相见都难了。”“我听说玉清妹子也嫁人了，嫁的是南明郡的豪族‘归海家’的那位病公子。”“归海家，可是南明郡数一数二的豪族，不过那位病公子我也听说过，据说身体很差，怕活不了几年了。”……“骆冰兄弟怎么没来？”秦云问道。“骆冰死了，一天半夜他和好友从青楼归来，喝的半醉，遭到刺杀，便丢了性命。现在都不知到底是谁杀了他。”秦云微微一愣。那个骄傲的少年，就这么死了？……“贾五也死了，他更冤，从他们贾家庄子返回郡城的途中遇到了妖怪，一行人死光了。”……秦云听着唏嘘不已。当初西山剑园的好友们，有的远走他乡，也有几个已身死。剑园的兄弟们关系虽然不错，可当初近四十号人，自然有亲疏之分，数日聚会一次，几年下来，有些关系疏远的连话都没说过太多。秦云十岁时加入西山剑园，那时他父亲秦烈虎更仅仅只是一个普通捕头。当初的一群少年们，彼此还很陌生，更加习惯看背景来历。像这种普通捕头之子、一些小小富商之子，都是有些被瞧不起的。秦云又练剑疯狂，更有‘云疯子’这一外号，真正跟他关系极近的只有‘小波波’田波以及‘狂人’谢雷这两个同样背景一般的。虽有几个同龄人死去，可这时代，妖怪为祸，死人太常见，加上交情并不是太深，秦云也只是唏嘘罢了。“对了，狂人呢？怎么没来？”秦云问一旁喝酒的田波，“他去押镖了？”", 第七章 西山剑园
article,title
江州，天下十九州之一，临近东海，境内多湖泊。江州境内，广凌郡城。广凌郡城西城的景楼大街上，行人如织，繁华热闹。“六年了。”一位布衣青年腰间挂着一柄剑，牵着马行走在街道上，“终于回来了，在外面待久了，还是觉得家乡好。”哒！哒！哒！马蹄声儿急，远处正有一华衣少年骑着一高头大马在繁华街道上飞奔，一时间街道上行人们连忙避让开来，那骑马少年后面还有着仆人护卫骑马在后面追着：“公子，慢点，慢点。”布衣青年看到这幕，牵着马朝旁边避让了下，目视那华衣少年骑马而过。“哪家的小子，也对，我离家六年了，六年前，这小家伙怕才七八岁吧。”布衣青年笑了笑，又继续前进。看着熟悉的家乡，甚至还有些认识的摊贩。“六年了，当初离家时我才十五岁，现在的我和当初相比，变化太大了。”布衣青年感慨。十五岁时，意气风发，锋芒毕露！被誉为广凌郡年轻一代第一人。然而离家游历天下，六年下来，他才觉得当初的自己多么的稚嫩。……一路行走，看着熟悉的店铺酒楼，熟悉的河道石桥。终于，牵着马，来到了一座府邸外。近乡情更怯，布衣青年牵着马，深吸一口气才上前，咚咚咚，敲响了大门。吱呀。大门打开一条缝，一老头朝外探出身子看了眼，跟着就瞪大眼睛：“二公子！”眼前的青年一身布衣，普普通通，可他是看着二公子‘秦云’长大的，一眼就认出来了。“李伯。”秦云笑着道。“二公子回来了，二公子回来了！”李老头激动的高喊，声音响彻整个府邸，他连轰隆隆拉开整个府门大门。“给我给我，我来牵马。”李老头连接过马缰绳。“云儿，云儿。”整个府邸内一片喧哗，一位穿着中年妇人飞奔出来，身后更有数个丫鬟连跟着，一看到府门处的秦云，中年妇人激动的泪水都禁不住。“娘。”秦云也是眼睛一酸，连跑过去。中年妇人仔细看着自己儿子，摸着儿子的胳膊、脸庞：“好，好，回来就好，回来就好，嗯，长高了。”“二公子，夫人她都不知道为你流了多少眼泪，每日都在菩萨前为你念经祈福。”一旁的女管事连道。“是儿不孝，如今才回来。”秦云也看着母亲，母亲的头上也多了些白发，眼角的皱纹也多了，不由心中一疼，不知不觉，母亲也近五十岁了。“都不说了，回来就好。”母亲眼中虽含泪，却是喜悦泪水，连吩咐，“快快，赶紧去告知老爷，还有大公子。”“是。”女管事立即去安排。……整个秦府一片喜庆，很快秦府主人‘秦烈虎’回来了。“老爷。”“老爷。”府邸内的仆人丫鬟们都连恭敬行礼，只是他们个个眉宇间都是喜色，二公子回来，仆人丫鬟们也都开心的很。独臂男子微微点头，他双眸如电，腰间有一柄单刀，散发的无形威压都让那些仆人丫鬟们恭恭敬敬，他便是这秦府的主人‘秦烈虎’，也是广凌郡城的三大银章捕头之一。“爹。”秦云和母亲常兰出来迎接。“云儿。”独臂男子‘秦烈虎’看到自己的儿子，也不由眼睛一热，有些湿润。儿行千里母担忧，父亲虽然嘴上不说，可心中同样时刻牵挂担心。虽然知道为了儿子的前程，就该放儿子出去闯荡，可还是牵肠挂肚。他怕，怕儿子一去不回。因为这天下广阔，深山大泽更多有妖怪潜藏，在外闯荡也充满艰险。“回来就好，回来就好。”秦烈虎看着自己儿子，和当初锋芒毕露相比，如今儿子明显成熟了，气息也收敛。“突破了？”秦烈虎问一句，他很清楚自己儿子修炼是传说中的修仙法门，要修行有成是何等之难。“两年半前突破的。”秦云微笑说道。秦烈虎眼睛一亮，这一突破当真是鱼跃龙门。“好好好，我秦烈虎有一个了不得的儿子。”秦烈虎激动万分，此事牵扯甚大，他甚至都没敢和妻子常兰说。“你们父子俩就不能进屋坐下说？”母亲常兰则道。“先进去，先进去坐。”秦烈虎也连道。……陪父亲母亲聊了片刻，便听到外面传来声音。“二弟，二弟，二弟！”老远便传来喊声，声音中满是喜悦。“哥。”秦云也起身，“爹娘，我去迎迎。”“去吧去吧，你和你哥也六年没见了。”母亲常兰笑道。秦云则连起身走出厅外迎去，很快看到远处走来的一大家人，一位锦袍青年带着一位美娇妻，带着一男一女两个孩童。“二弟。”锦袍青年看到秦云，不由激动连跑过来，一把就抱住。“哥。”秦云也抱着兄长。他和大哥感情极好，秦家还在微末之时，他俩小时候都是在村里长大，更经过大磨难，自己当时年龄还小些，大哥当初却已经是少年，处处照顾着自己。“你这小子，你一去就是六年！走之前你不说了，就三年么？突然来信，说还要在外三年？”锦袍青年忍不住道，“三年又三年，你真是，让一家人都为你担心。”“都是我的错。”秦云连道，“见过嫂子！哥，这两个小家伙就是你信里说的‘舒彦’和‘舒冰’吧？乖侄儿，乖侄女，长的真俊。”说着还捏了捏两个孩童的小脸，惹得这两个小孩吓得抱住父母的大腿。“你们俩还不赶紧拜见叔父，别怕，怕什么，这是你们叔父，快叫。”锦袍青年连道。“叔父。”两孩子都约莫三四岁，还有些懵懵懂懂。“好好，我这有两块护身符，可贴身携带，都收好。”早有准备的秦云从怀中拿出两锦囊，从中取出两块玉符，玉符通体暖白，上还有复杂符纹雕刻，看了就情不自禁觉得心静舒服。锦袍青年‘秦安’眼光也不一般，一看就猜出这两块玉符不一般：“二弟，太贵重了。”“贴身带着，对小孩好。”秦云说道。……当天中午，秦家一大家人聚在一起吃着午饭，午饭很丰盛，丫鬟们也很开心的端着一盘盘菜送上来，秦府对下人们还是很仁慈宽厚的。秦云很开心和父母、哥哥一家人在一起，这种幸福团圆感是他很享受的。“大人，大人。”午饭过后，有一位捕头来到厅外高声喊道。厅内的众人一听。“今日云儿回来，就不能歇息一日？”夫人常兰有些不满道。“夫人，我且先去问问。”秦烈虎则连道，立即起身朝外走去。外面的捕头壮汉身高八尺，虎背熊腰，手持着一根粗壮大铁棍，目测也有上百斤重，怕是挥舞起来轻易都能轰碎一堵墙，他此刻却是乖乖在外面候着。“老徐，什么事？”秦烈虎走到近前，才压低声音问道。今日他早就吩咐了，没大事就别来打扰他了，毕竟离家六年的儿子刚回来。“大人，我也不想来打扰大人，可郡守大人亲自吩咐，让你务必过去，有重要之事，恐怕这一两天都没法回家。”徐捕头连道。“郡守大人？一两天？”秦烈虎眉头一皱。郡守，整个广凌郡军政大权于一身，因为有妖魔祸乱一方，郡守大人紧急情况下更有七品以下先斩后奏之权。在广凌郡也没谁敢挑衅郡守大人之权威。秦烈虎连回了厅内。“郡守大人有事吩咐我过去，怕这一两天都要在外了。”秦烈虎披上外衣，将一旁的单刀挂在腰间。“小心点。”夫人常兰连嘱托道。“我去送送爹。”秦云则连起身。“送什么送，你回去好好陪你娘他们。”秦烈虎和自己儿子一边朝外走，一边说道。“二公子，六年没见了，怪想二公子的。”一旁的徐捕头则笑呵呵道。“徐叔，你这风火棍都大了一圈，看来实力大进啊。”秦云说道。“不值一提，不值一提。”徐捕头连道。在十五岁时就成为广凌郡城年青一代第一人的秦云面前，徐捕头自然谦逊。“爹，一两天不能回来，有什么大事吗？需要我帮忙吗？”秦云询问道。秦烈虎瞥了眼自己儿子，笑道：“放心吧，在广凌郡城内，官府才是最强的！”“嗯。”秦云点头。送父亲到府门口。门外早有准备好了马，父亲和徐捕头分别骑马飞奔而去。秦云看着父亲离去，却调动体内的真元开始施展法术。“法眼，开！”秦云的双眸瞳孔深处，却是有法纹凝结。表面看不出任何变化，可在秦云的双眸中，天地却变了！原本还是下午时分，太阳高悬，可此刻在秦云的双眸观看下，天空则是弥漫着无尽的青色气息，远处骏马上的父亲‘秦烈虎’身上有着少许诡异的气息缠绕，有淡粉色气息、深绿色气息、血红色气息……足足六种气息，可每一种都很微弱，怕随着时间都会最终消散。“父亲身为三大银章捕头之一，偶尔接触到妖怪，沾染上些许妖气也很正常。”秦云心中也轻松，这些妖气都只是沾染体表，未曾渗透身体内部，并无任何隐患。秦云转头朝府内走去。他法眼维持着，观看下，人类散发着人的气息，花草树木也有各自气息，万物生灵皆有各自气息，气息强弱不一，在法眼下一切无所遁形。当然在自家府内论生命气息，不算自己，父亲当为第一！这些丫鬟仆人的生命气息就相对弱多了。“云儿，来来来，别管你爹了，你爹经常要办差。”厅内母亲常兰催促道。秦云朝厅内看去。法眼观看下，厅内个个气息显现。母亲、嫂子包括侄儿侄女的气息都很正常，只是自己大哥的气息……“嗯？”秦云心中一惊。只见一身锦袍的大哥‘秦安’气息却比较虚弱，并且还有一股浓郁的邪恶的绿色气息渗透进秦安体内，并且和秦安的生命气息完全交缠在一起。“妖气！好浓的妖气，已经深入肌理脏腑。和我哥的纠缠绝非一次两次，我哥的生命气息都很虚弱，再这么下去就掩饰不住，会直接病重身死了！”秦云心都在颤抖，满腔怒意和杀机，“到底是谁，对我哥下如此毒手？”秦云心中又惊又怒，又后怕！因为若是自己晚回来半年，恐怕就再也见不到大哥了。——终于，新书再度起航。番茄很感动，之前预热时就有熟悉的老k（karlking）、凌羽、轻唱你的温柔、江南v神话、r小月月、困盹、最后的泰坦、谪仙子、无良酱油、雨细喃喃、守护天使等一个个盟主打赏，还有很多红盟熟悉的老人，都是陪伴我很久的老读者，请恕无法一一记录，一切番茄都会记在心底，能做的就是写出精彩好看的小说。, 第一章 归来
待得傍晚时分，大哥‘秦安’才不舍的和兄弟告别，带着妻子儿女乘坐马车前往南城。夜幕降临。秦云换了一身黑衣，来到了大哥秦安的宅院外，站在黑暗角落。“以我在大哥身上留下的印记来看，就是这了。”秦云看着这座宅院，“这还是我第一次来大哥的宅院，没想到就是因为妖怪的事。”一迈步，便已经飞过十余丈到了宅院内的一座楼阁屋顶，悄无声息，他半蹲着扫视整个宅院。宅院占地数亩，也有数个仆人在巡查，在阴暗处更有护卫高手守护。“法眼，开！”秦云双眸瞳孔深处法纹凝结，再度开启法眼。法眼观看下，隐藏着的两个护卫高手，明暗巡逻的六个仆人，个个生命气息显现。秦云也看到了大哥‘秦安’和妻子儿女等人的生命气息，如今应该都已入睡。在自己法眼范围内，便是有房屋阻碍，一切气息依旧无所遁形。“找到了。”秦云很快在丫鬟住处的其中一个屋子，看到了里面浓郁的绿色妖气。嗖。身影模糊悄无声息就穿过十余丈距离来到那屋门处，轻轻一推，里面门栓就自然打开。……屋内。穿着贴身衣裤的少女正盘坐在床铺上，她正皱眉。“哼哼，还要三个月，妖气才能真正融入他的三魂七魄，到时才算大功告成。”少女眼眸中泛着恐怖的煞气，“算上我在这已经待的六个月，就为了这一个小小富商，我给他当丫鬟九个月？等到头领的大事完成了，这宅院内骂过我欺负过我的，一个个全部吃掉！”一头凶戾妖怪，被当丫鬟呼来喝去半年，怎能心中不怒？只是现在憋着而已。“等到后半夜，那秦安熟睡了，还可以再去吸一次阳气。”少女闭上眼睛，耐心默默等候着。忽然——门悄无声息就推开了，没发出丝毫声响。可少女还是有所感应的睁开眼，一眼就看到推门而入的黑衣青年，黑衣青年很随意的走了进来，走进来的同时还有无形波动以他为中心弥漫开去。“封！”秦云进来的同时，也施展了法术，一光罩弥漫开来，罩住了秦云和屋内的少女。当然肉眼凡胎看不见这光罩。法术‘封禁术’，可封禁四方，有困敌之效！也可隔绝内外，别人听不到声音。更可封禁敌人实力，乃是一门极为了得的法术。秦云随手又关上了屋门。“法术？”少女心中一颤。法术，乃古往今来的道门佛门高人从天地自然中悟出的法门，法术都是秘不外传的，且施展起来都极难极难，入门门槛都极高，能施展出法术，就已经显示了眼前这黑衣青年的可怕。“原来是一只猫妖。”秦云轻声道，看着眼前的少女，在法眼下，自然看出少女的原形。少女穿着贴身衣裤，怯生生走下床铺，赤着一双小脚站在那，柔柔弱弱连道：“前辈饶命，前辈饶命，我虽在这秦家，但并没有为恶。”“没有为恶？那这家主人秦安身上，怎么尽是你的妖气，且都深入肌理脏腑？”秦云也不急着动手，因为他有太多疑惑之处，“若是如此下去，这家主人秦安怕是要不了多久就会重病在床，医药难救，唯有身死。”“什么。”少女大惊，忍不住眼中含泪，“我没有，我没有想要害秦郎。”“没有？”秦云冰冷看着她，“可你就是在害他。”“我没有，我没想害他，我不知道！”少女焦急自责道，“不瞒前辈，我和秦郎是真心相爱，又怎会舍得害秦郎？只是我身为妖怪，一直不敢告知秦郎，难道是我和秦郎欢好，让妖气渗透到他身体了？”“欢好？”秦云冷笑，“他阳气如此之弱，可不仅仅只是欢好，怕是你在故意吸他阳气吧。你完全可以一次就将他阳气吸光，可你却每次只吸取少许，到底有何图谋？”少女暗惊：“这青年看起来很年轻，还以为见识一般，本想蒙骗过去，找个机会逃掉，哪想连我吸阳气都能看出。”“我没有害他，真没有。”少女连道，“前辈你要相信我。”“人和妖怪相恋生子的都有，仅仅欢好，岂会阳气衰弱到如此地步？”秦云冷笑，“到这时候还在撒谎，还不老实说来。”“我，我也不知道……”少女泪水滑落，痛苦无比。但是紧跟着毫无征兆的猛然朝旁边窗户冲去，她速度太快，一瞬间就化作了幻影，右手更是立即长出了毛发，更有利爪长出。她右爪猛然一挥就要撕裂这封禁光罩。太快了！可站在一旁的秦云速度更快，他几乎瞬间就到了少女身旁，左手一伸就抓了过来。少女惊慌要闪躲，可那抓过来的左手看似普普通通，却怎么都躲不开，五根手指轻易就抓住了她的脖子。少女此刻也已经大变样，全身都长出了毛发，脑袋上也着毛发，耳朵都变成了猫耳朵，双眸也变得绿色，瞳孔成竖瞳，口中更是有锋利的牙齿，她还欲要挣扎。但是秦云左手中大量真元之力涌入猫妖少女体内，在她体内再度施展封禁之术，少女立即反抗不得。“嘭。”随手一扔，猫妖少女直接被摔在地面上。“说吧，在我面前就没必要说谎，没用的，不说出让我相信的理由，就只能除掉你了。”秦云看着她。他必须弄明白兄长被下毒手的原因。吸阳气很常见。妖怪大多对月吸收太阴之气修行，孤阴不长，想要阴阳调和？太阳之力又太恐怖，而人之阳气就是最佳之选，吸收后对妖怪修行有大助力。所以妖怪吸阳气倒也常见。可一只妖怪耗费一年半载，每次只吸收少许？还来当丫鬟？太浪费时间了，有这点时间，可以吸收上百人了，每人吸收部分，吸收的要多多了。“说。”秦云看着她，无形煞气笼罩过来，猫妖少女心颤，知道眼前人手下怕是杀过不少妖怪，不是那种初出茅庐的修行者，面临生死关头，暗忖：“不说，就是个死。若是傻乎乎说了，恐怕还是个死！顾不得了，只能死中求生。”“前辈慧眼，我这点手段瞒不过前辈。”猫妖少女连道，“我辛辛苦苦在这当丫鬟，每次只吸收少许阳气，日积月累是希望我的妖气逐渐渗透，如今渗透肌理脏腑，再过上两三个月，怕就能渗透入三魂七魄。”秦云眼皮一跳。“到时妖气渗透三魂七魄，便是修行高人来此也束手无策，这时候他要么病重而死，要么唯有我这个妖气的主人能够救他。”猫妖少女说道，“从此他便只有依靠我而活。”“妖仆？”秦云声音冰冷。妖气入魂魄，那就真没救了，只有靠妖气的主人而活。生死受妖怪控制，乖乖成为妖怪仆人。“不能算妖仆，我若是愿意，我这妖气的主人还可以抽离妖气，让他恢复正常。”猫妖少女连说道。“抽离妖气？都渗透魂魄了，你要一丝丝抽离妖气，怕也要耗费数年吧。秦安一个小小商人，不值得你们耗费如此大力气。”秦云冷声道，“是因为他的父亲？”父亲秦烈虎，乃是三大银章捕头之一，乃是广凌郡城的权势人物。“我也是奉我家头领之命行事。”猫妖少女连道，“个中缘由，就不清楚了。”“你家头领他在哪？”“就在广凌郡城。”猫妖少女为了活命，老老实实说道。“带我过去。”秦云瞥了眼猫妖少女。“我愿意带路，只是前辈得饶我性命，我也只是一小妖，被逼迫才如此。”猫妖少女看着秦云。“别废话，带路。”秦云抓着猫妖少女肩膀，猫妖少女反抗不得。“若是前辈不肯给我活命机会，那我只有宁愿一死了。”猫妖少女咬牙。秦云沉默。猫妖少女也是在赌，她相信这人如果要救秦安，一定想要查出背后指使者。时间在流逝，猫妖少女闭上眼睛，咬牙硬撑。“好，我答应你，只要能够找到背后指使者，确定是他吩咐你做的。我可以饶你一命。”秦云说道。猫妖少女心中一喜，她知道人族修行者越是实力强，越是心高气傲者，就越加在意承诺！一诺千金，轻易不会反悔的。“前辈慈悲，给我一条生路，我这就带路。”猫妖少女连说道。嗖。抓着猫妖少女的肩膀，秦云悄无声息离开了大哥的宅院，宅院内的仆人依旧巡逻着，他们根本没听到任何动静，并不知道有一只盘踞在宅院半年之久的猫妖已经被抓走。, 第二章 擒下
仅仅片刻，秦云抓着妖力被封禁的猫妖少女，来到了一座富商大宅外，隐藏在院墙外的一处阴影下。“就是这了，我家头领就居住在这。”猫妖少女压低声音说道。秦云开了法眼，能透过院墙轻易探查着里面宅子。“没有妖怪？”秦云觉得疑惑，他观看下，观看范围内，这是一个普普通通的富商宅院，他都发现不了丝毫妖气。“你肯定你家头领就在这？”秦云施展出封禁术，封禁光罩笼罩了自己和猫妖少女，不泄露丝毫声音。猫妖少女连点头：“肯定！这宅院看似寻常，甚至还安排了富商一家居住。可实际上这宅子分内外两部分。我家头领他们都是在内宅院生活，甚至内宅院下方还有着一座更庞大的地下宫殿，是我家头领真正长期居住的地方。”“地下宫殿？”秦云有些吃惊，“在地下建造出奢华宫殿，还不被官府发现，绝非三五年能成的，看来你家头领盘踞在广凌郡城也挺久了。”“已有数十年之久。”猫妖少女乖乖道。……这座宅院地下，隐秘的宫殿内。一黄袍胖子正笑眯眯坐在华丽宝座上，一粉袍女子酥胸半露依偎着黄袍胖子，给他喂着糕点。在他的左右下首两侧也坐着七位气度不凡的高手，男女老少，都在享用美食美酒，看着眼前的舞蹈。殿厅边上，乐师们在演奏着。琴箫合奏，曲乐时而浑厚大气，时而又悠扬欢快……舞女们随着曲乐变化而翩翩起舞，或是庄重肃然，或是欢快灵动，或是妖娆诱惑……“好。”黄袍胖子和麾下七位高手欣赏着。“老爷，再尝尝这个，奴家亲手做的。”粉袍女子从一碟内取了一点心朝黄袍胖子嘴里塞去。黄袍胖子却是注意到殿厅侧门出现了一黑袍老者。“奴家做的不好吃么？”粉袍女子撒娇怨道。“好吃好吃，美人，你做的好吃，你的嘴巴更甜更好吃。”说着黄袍胖子就转头在粉袍女子嘴上亲了下。粉袍女子这才娇笑起来。“都退下吧。”黄袍胖子随即吩咐道。“是，主人。”乐师们、舞女们都停下，行礼退去。她们早已绝望，自从来到这地下宫殿后就再也没出去过，只能过着这暗无天日的生活，她们甚至不敢有一丝怨言，因为妖怪的手段太可怕！这时候殿厅侧门的那位黑袍老者单手抱着一木盒才走了进来，躬身谦卑道：“褚头领，你需要的星纹钢，耗费八年总算弄到了这一批，一共八十三斤。”“星纹钢？”原本坐在那的黄袍胖子身影陡然模糊，留下一串幻影穿过十余丈距离。刷。就已经到了黑袍老者身前。黑袍老者心头一颤：“太快了，怕是一招就能杀了我吧，不过，别说是妖怪头领，就是旁边的其他七个妖怪，个个都能轻易杀我。”黄袍胖子却是一伸手就抓过木盒，迅速打开，一眼就看到里面摆放的一块块特殊纹路的银白色金属块，不由双眸放光，嘿嘿怪笑道：“这星纹钢是朝廷官府的禁物，民间若是私藏，一旦发现都是抄家灭族的大罪。”“所以真不容易，耗费八年，想尽办法，死了不少兄弟才弄到这一批，一弄到我就立即给褚头领送来了。”黑袍老者连道。“放心，你对我忠心，我自然不会亏待你，你帮主的位置有我在，就没谁动得了！以后十年，你们帮派供奉都免了。”黄袍胖子豪爽道。黑袍老者大喜。有妖怪头领支持，自己帮主位置稳了，免十年供奉？这供奉自然可以进自己口袋了。“谢褚头领。”黑袍老者连谄媚道。“星纹钢。”黄袍胖子却是盯着木盒内的宝贝，拿起一块银白色金属块朝嘴里一塞，他嘴里的牙齿原本普普通通，可忽然就变得仿佛锯齿般狰狞，咔嚓咔嚓咔嚓，硬生生就咬碎了这一块星纹钢，嚼碎后便吞入腹部，他的牙齿也恢复正常。“我论实力在帮内也是排在前三，一斧头砍在星纹钢上也仅仅一条痕迹，且很快就自动恢复了。就这么咬碎了？”黑袍老者暗暗惊骇。黄袍胖子吃掉一块星纹钢后便走回自己宝座坐下，只是他全身皮肤都隐隐有着一条条银色丝线在流动。“恭喜头领，贺喜头领。”“得此星纹钢，头领实力定能大增。”一旁坐着的七个手下却都起身贺喜。有些珍贵材料都是仙佛神魔妖怪们才能利用的，比如星纹钢，这位妖怪头领就能直接吞吃了进行修行提升。“哈哈哈……”黄袍胖子却是哈哈大笑，笑声让整个殿厅隐隐都在震颤。忽然，一位黑衣青年单手抓着一柔弱少女，仿佛走在自家后花园般，从殿厅侧门很随意的走了进来。来者正是擒拿着猫妖少女的秦云。“嗯？”殿厅内个个安静下来，看着这个不速之客。黄袍胖子脸色微变，随即又坦然坐在宝座上，搂着粉袍女子，皮笑肉不笑道：“我这宫殿有七重守卫，更有机关陷阱。没想到朋友能够抓着我手下，悄无声息就来到了这，我褚庸佩服，敢问朋友，从哪来？来我这又所为何事？”秦云瞥了眼那黄袍胖子，在他法眼下，能清晰看出那黄袍胖子乃是一头野猪妖怪，气息浩荡霸道无匹，一旁坐着的七位也都是妖怪。“他就是你家头领？”秦云没理会那位妖怪头领，而是看着面前的猫妖少女，“是他让你对秦安下手的？”“是。”猫妖少女可怜巴巴的低垂脑袋。“朋友是为秦安而来？”黄袍胖子坐在那，声音雄浑。“对，秦安。”秦云转头看向黄袍胖子，“你为何对秦安下手，还欲要控制他？”“哈哈，秦安的父亲乃是秦烈虎，在广凌郡也是三大银章捕头之一，你也知道，一个银章捕头我还不放在眼里，可朝廷官府的人多兵器厉害，他率领着一众捕快们，也让我很是头疼。所以欲要借他这儿子性命，和他好好谈上一谈，所以才出此下策。”黄袍胖子笑着，“不过朋友既然出手，我自然可以给朋友一个面子，可以揭过此事，不过敢问朋友来自何处？在我广凌郡城应该没有朋友这等高手。”“哦？你认为我不是广凌郡城的？”秦云道。“哈哈，我褚庸在广凌郡城至今已有六十八年。”黄袍胖子自信道，“不管是人族，还是妖怪，厉害的我无所不知。”“无所不知？”秦云点点头。呼。秦云随后将抓着的猫妖少女朝旁边一扔，摔在地面上，猫妖少女连起身，同时低声哀求：“我已带前辈来此，还请前辈遵守承诺收回法术，放我活命。”“我将这修行者带到这，头领定不会饶过我，我得趁这修行者和头领对峙时逃离。”猫妖少女思忖着。“噗。”猫妖少女忽然身体一颤，封禁她妖力的真元力量瞬间搅碎了她的心脏。“你，你不守……”猫妖少女眼睛中满是不甘和愤怒，跟着便软倒在地，身体扭曲现出原形变成了一只黑色大猫尸体。秦云看着她：“对有些人的承诺，得信守，甚至用生命去完成。可对有些人，遵守承诺那是愚蠢、迂腐！对妖怪也是如此！我若是那般愚蠢，早死在妖怪手上不知多少次了。”话音一落。殿厅内的个个脸色变了。“早死在妖怪手上不知多少次了？”黄袍胖子低声自语，瞳孔微缩，“妖怪本就罕见，他似乎对付过很多妖怪。”“朋友，我对付秦安的事，你也杀了我一手下，可否揭过此事？”黄袍胖子起身盯着秦云，他身旁的粉袍女子却有些紧张。而那原本坐着的七个妖怪也都站了起来，个个盯着秦云。至于那位黑袍老者则是紧张发颤，他虽然掌控一帮派，有数千帮众，可此刻有的只有心慌恐惧。“不能。”秦云摇头。黄袍胖子眼中凶光一闪，猛然喝道：“杀！”声音轰隆，仿佛炸雷响彻整个殿厅，殿厅都震颤了下，条案上的一些杯子、碟子很多都直接炸裂。“嗖嗖嗖……”男女老少，七个气度不凡的高手瞬间动了，有五个直接飞扑冲出，有一个妖怪是化作一团雾气，更有一个妖怪凭空消失。“能隐身？”秦云心中略有些惊讶。————公众期间，上午11点左右一章，晚上8点左右一章。, 第三章 妖怪头领‘褚庸’
显露身形的妖怪们身体都发生了变化，有的皮肤长出黄色绒毛眼睛变得碧绿，有的脸上出现厚皮，头部长出尖角……尽皆显现出部分妖怪特征。并且他们有的双手持着两根尖刺，有的抓着一柄大斧，有的则是使用着软剑……都是这些妖怪们最擅长的兵器，威力皆是不凡，他们中速度有快有慢，即便慢些的也同样在半空留下幻影，速度可想而知。一团化作雾气的更是诡异，难以看清它真身，那隐形消失的妖怪更是让一旁的黑袍老者看的心颤：“能隐身？怎么打？这些妖怪太可怕了。”而黄袍胖子‘褚庸’虽然下令，却依旧站在那看着：“我这七个手下，实力也都不弱，七个联手足以看出这个神秘高手的虚实。”高手相争，有时候就差一线。摸清眼前神秘高手的一些底细，或许就能在交手上占到先机。“七个？”秦云站在那，一动不动。“刷！刷！刷！”右手瞬间拔剑，又紧跟着插回了剑鞘。半空中只是几道寒光犹如游蛇般闪烁而过，原本飞扑杀来的五个妖怪尽皆跌落在地，那一团诡异莫测的雾气同样显现出一具尸体且迅速变化为一头豹子，还有秦云的背后半空中也凭空显现出一名女子尸体也立即变化成一头雪貂……七个妖怪个个摔落跌倒在地面上，手中兵器都砸在地面上发出轰隆声响，且个个现出原形，有的是狼妖，有的是豹妖……七个妖怪尸体都比寻常的野兽尸体大的多，可它们却都躺在那一动不动了。站在远处一动不敢动的黑袍老者、粉袍女子都脸色发白。“死了？七个妖怪，瞬间就死了？”黑袍老者难以置信，“他的剑，我都看不清！”“好快的剑，你是靠法眼破的隐身术？”黄袍胖子褚庸站在那，声音低沉，“难怪敢一个人就闯进来，不过，来到我的地方是你做的最错的一件事。”说着他猛然左手一拍击旁边宝座的扶手，这一拍击力量极大，让扶手咔的一声，那一侧扶手整个都猛然一沉。整个大殿的侧门轰然关闭，殿壁上顿时露出了无数孔洞，顶部也露出无数孔洞。“不好。”黑袍老者露出惊恐绝望色。“老爷。”粉袍女子也绝望了。黄袍胖子却是咧嘴露出狰狞笑容，他头颅已经变成了一丑陋狰狞的猪头，全身处处长出厚厚的一层毛发，身高更是膨胀到足有丈许高，他的衣服更是早就撑得碎开了。咻咻咻……大殿的穹顶、殿壁无数孔洞瞬间射出一道道黑光，尽皆都是巴掌长的毒刺，黑光密密麻麻笼罩每一处，避无可避。甚至连野猪妖‘褚庸’本身的位置，同样是被毒刺给笼罩。无数毒刺射来，黑袍老者、粉袍女子都是瞬间身体被射出了十余个孔洞，当场毙命，眼中都有着绝望色。噗噗噗……便是那些石制的条案，都被毒刺轻易贯穿！青石铺就的大殿地面也都被射出一个个窟窿。“我建造这地下宫殿，布下如此机关就是要对付一些真正的高手啊。”野猪妖‘褚庸’满是期待看着。秦云却是漫步而行。他的步伐时而快一丝，一根毒刺就从身后擦着衣服飞过。时而慢一丝，一根毒刺就从胸前飞过。时而朝左边倾斜少许，一根毒刺从耳边飞过。时而朝右边倾斜少许，又一根毒刺擦着颈部飞过。毒刺从四面八方射来，秦云却仿佛身后都长了眼睛，每一根毒刺他都能轻易避开。“怎么可能？”野猪妖褚庸瞪大眼，“他，毒刺从后面射来，他看不见，怎么躲开的？难道是……”……秦云行走在大殿内，很轻松随意，他无形的精神弥漫开，笼罩着周围五丈范围，五丈范围内一切之物，便是一粒尘埃，肉眼看不见，他都能感应得到。有五丈范围缓冲，要避开这些毒刺就容易多了。只是身体一次次细微变化，避开一根根毒刺。即便偶尔遇到很难避开的秦云也是右手伸出，轻轻一拨，将高速飞来的毒刺给拨到一旁了。约莫一息时间。所有毒刺全部射完了，大殿也恢复了寂静，只是殿厅处处有着一个个窟窿。野猪妖‘褚庸’那蒲扇般的大手从眼睛前拿开，全身毛发震动了下，体表的一根根毒刺直接跌落到地面上。“听说野猪的皮毛都很厚实，你这野猪妖竟能用身体硬抗这些毒刺，厉害。”秦云难得夸赞了一句。“哼，这些毒刺你轻易避开挡住，是达到‘无漏’之境的圆满层次，精神都能外放了吧。”野猪妖褚庸说道，“精神外放，离天人合一都不远了，没想到你这样的大高手来到我这。”野猪妖褚庸说着一伸手，就抓起了宝座旁边的一根铁柱，轰隆，一丈三尺长的铁柱在身高丈许的野猪妖手中，却很协调，就仿佛普通人拿着一根棍子，野猪妖单手随意舞了个棍花，轰隆隆狂风呼啸，威势让人心惊：“境界高，不一定实力就强！我可杀过好些比我境界高的人族高手。”话音刚落，野猪妖褚庸猛地前冲，跟着手中的铁柱就猛然一个横扫，呼啦——这铁柱有千斤重，横扫下简直所向披靡，擦着便伤，磕着便死。“嗖。”秦云却是猛然一矮身，避开头顶挥舞而过的铁柱，瞬间拔剑出鞘。哗——剑光斜着划过野猪妖的腹部，在剑划过的刹那，秦云便感觉到强大的阻力，手中剑艰难的切割划开一根根毛发，终于切割到野猪妖的厚皮时，这厚皮坚韧的很，勉强划开一条白痕，就已经力竭。“呼啦。”野猪妖褚庸瞬间收回铁柱猛然朝下方戳了过去。而秦云却是挥出一剑后，便立即前冲躲开，又返身袭来。嗖嗖嗖嗖……秦云速度飙升到极致，野猪妖褚庸挥舞着一根铁柱，他的棍法也算厉害，却碰不到秦云丝毫，秦云瞬间在前后左右不同方向连续出剑或劈，或刺，或撩，接连落在野猪妖褚庸身上，只是最厉害的一剑也仅仅刺入厚皮约莫两寸，都没能刺透整个厚皮层。“好厚实的毛皮。”秦云后退到一旁，啧啧感叹，“皮太厚，皮太厚。”“哈哈，我说了，境界高不一定实力就强，你的剑都破不了我的皮，你怎么和我打？我只要打中你一下，你就死定了。”野猪妖褚庸大笑。“你的皮是挺厚实，也配见一见我的‘烟雨剑’了。”秦云开口，“这是我自创的一门剑术。”“自创？”野猪妖褚庸大笑，“一门厉害剑法得千锤百炼，你自创的又能如何？”“是吗？”秦云迈步上前。“给我死来！”野猪妖褚庸手中铁柱朝前方一捣，秦云轻易避开并且出剑，剑光迷蒙，如三月烟雨，烟雨蒙蒙，如梦如幻。野猪妖褚庸手中铁柱却是上拉下压，迅速阻挡。噗。迷蒙的剑光和铁柱碰撞在一起，铁柱微微变向，剑光则是旋转着绕着铁柱跟着一送，划拉，迷蒙的剑光就划过了野猪妖褚庸的腰部！野猪妖褚庸原本没当回事，他对自身身体太自信了，可是紧跟着他便瞪大了眼睛，疯狂要捂住腹部。哗啦，他的身体一分为二，上半身和下半身完全分开，跌落在地，鲜血满地。秦云这才收剑，插入剑鞘。野猪妖褚庸的生命力强大的很，抬头看着秦云：“这，这怎么可能，你之前都破不了我的皮，怎么，怎么一剑就……不可能的，我天生皮毛厚实的很，又得水神传授炼体法门，怎么可能一剑就被你斩断身体，这还是你自创的剑术‘烟雨剑’？”“对。”秦云点头。野猪妖褚庸下半身已经化作原形，上半身也开始转化，他盯着秦云：“你杀我，就因为那个秦安？你到底是谁？”不甘心。他盘踞广凌郡城六十八年，就这么不明不白死在一个神秘高手手里。秦云看着野猪妖，开口道：“对，杀你，就是因为秦安！因为，我是他的弟弟！”, 第四章 我是他的弟弟！
“他的弟弟？”野猪妖褚庸喃喃低语，跟着瞪大眼，“你是那个叫秦云的？”他想到了。秦烈虎有两个儿子，一个是秦安，另一个是当初颇有名气的少年剑客，不过六年前就离家游历天下了。而且六年前的秦云的实力，也就在年轻一代中炫耀炫耀，在真正的强者眼中还很稚嫩。野猪妖‘褚庸’是广凌郡城暗中的恐怖妖怪之一，哪里瞧得起当初一个小家伙。“你杀了我，水神他不会放过你的。”野猪妖褚庸感觉到意识在变弱，不甘的低吼着，“水神不会放过你的，不会放过你的。”“水神？整个广凌郡十个妖怪有七个是水神的手下吧。”秦云嗤笑，“杀妖怪，还怕得罪水神？”野猪妖褚庸上半身也完全化作原形，一头庞大野猪的半边身子，再也没了声息，彻底死去。整个殿厅一片寂静。妖怪头领、包括猫妖在内的八个妖怪，以及那位粉袍女子、黑袍老者，尽皆都已身死。只有秦云一人站在殿厅中央若有所思。“只要看这妖怪头领尸体，一剑能断开身体，整个广凌郡也没几个能做到，很容易暴露身份，这些都得处理下，我离家六年刚回来，还不是和水神对上的时候。”秦云心中定计，便在这大殿内简单搜刮了下，更发现了那一盒星纹钢。“星纹钢？”秦云看着碎裂木盒显露出的一块块银白色金属块，“有这数十斤星纹钢，我的本命飞剑根基将浑厚，且炼成所需时日也能缩短一两个月。”他又将大殿内那些妖怪尸体都查探了个遍，可再也没有‘星纹钢’这般让他惊喜的。跟着，秦云从怀中取出了一红色锦囊，打开锦囊，里面有一小瓶，拔开瓶塞，小瓶在妖怪尸体上都滴落了些液体，野猪妖褚庸的尸体上滴落了七八滴，其他妖怪尸体都只是滴了一两滴。“嗤嗤嗤。”跟着便是放火点燃。野猪妖褚庸的尸体，一般焚烧个数日怕都有骨头留下，可此刻滴落的液体却是燃烧出幽蓝的火焰，这幽蓝火焰不断的侵蚀着野猪妖的尸体，侵蚀了仅仅十余个呼吸，尸体便焚烧殆尽，只有一些灰烬残留。至于其他妖怪尸体，虽滴落的液体只有一两滴，却都个个早化作灰烬。“这‘幽水’不多了，得再调配了。”秦云嘀咕了句，走到了那宝座扶手旁，稍微摸索两下，就将扶手恢复好。“轰隆隆~~~”原本落下关闭的大殿侧门也都再度开启。秦云法眼观看下，轻易找到妖怪头领‘褚庸’平常起居之所，仔细寻找，很快就找到藏着的一百宝箱，里面有着宝石、珍珠等物以及一叠银票。“好家伙，六万三千两？”秦云翻了下银票有些惊喜，“这头老妖乃是水神麾下，他大部分所得都要献给水神吧，平常修行也有诸多消耗，这样都能让他攒下如此多银子。”“修行，讲究法财侣地，法排第一，没有法门，根本无法修行。这财便是排第二。”秦云摇头，“我乃剑仙一脉，其他消耗到是极少，只是孕养我的本命飞剑所需极多，这六年在外的积累，大半都砸进去了。幸好这次得了这些银票和那数十斤的星纹钢，加上我原本积攒，勉强够接下来一年孕养本命飞剑所需。”修行人，也头疼。像符箓一脉的，便是最低等的符纸朱砂，长期练习的消耗都很惊人。若是想要制作一份符箓，代价更高。像炼丹，炼法宝的，先都是大量投入去练手，想想都可怕。……将整个地下宫殿的妖怪们的住所搜刮了一遍后，拎着两个包裹，便迅速离去，在离去前还传音响彻整个地下宫殿，声音如老者，沧桑且雄浑：“妖怪们都已被我斩杀，你们还是速速逃离这里，活命去吧。”说完，便已离去。地下宫殿，是妖怪们享乐之地，却是人族的苦难绝望之所。虽然听到大殿的各种巨响，可那些舞女、乐师、仆人们个个吓得躲在各自住处，都不敢出来。待得听到秦云的传音，等了好一会儿，他们才小心翼翼出来，发现没遇到阻拦，许多机关大门都早就打开，一路畅通无阻，个个才激动逃离，逃到街道上时，立即被街面上巡夜的衙役发现了，这地下宫殿自然就暴露了。一查，广凌郡城的官府人马就知晓，这地下宫殿的主人乃是‘妖怪头领褚庸’。对广凌郡城而言，‘妖怪头领褚庸’是隐藏在黑暗中的最恐怖的几个老妖之一，祸乱郡城数十年之久，他的老巢也一直是个谜。此事，立即惊动广凌郡城高层。******秦府，在属于秦云的一座小院***室中。暖暖的灯光透过灯罩，洒在这一方室内。“咚。”秦云将装有银票珠宝等物的包裹随手放进床旁的衣箱内，另一个包裹则是放在床上很快就打开了，里面便是一块块星纹钢：“星纹钢，民间私藏之，一般都是抄家灭族的大罪，不过以我身份，这点星纹钢就算被发现了，也只是小事。”盘膝坐在床铺上，秦云闭眼静心片刻。体内丹田中。丹田如海，有真元所化河流奔腾游走，其中有着一颗亮银色金属球体在丹田内悬浮着。忽然，这亮银色金属球体旋转着竟然缓缓展开，展开成了一条‘金属发丝’。如果说亮银色金属球很小，约莫砂砾大。那它展开的金属长条就更加细长了，犹如头发丝。“咻。”这金属发丝瞬间飞出了丹田，沿着体内脉络穿行，很快从手臂脉络来到右手食指尖，噗，瞬间穿出，在皮肤上留下头发丝般细小伤口，以秦云的实力自然瞬间就恢复。这一缕亮银色发丝从手指尖飞出后，就立即变大，急剧变大。变成了一柄足有三寸长的亮银色的小剑，悬浮在秦云身前。“本命飞剑。”秦云盘膝坐着，看着身前悬浮的三寸长的飞剑，“还有近一年时间，我的本命飞剑才大功告成，到时进出丹田也无需如此小心翼翼了。”现在本命飞剑还没真正炼成，飞剑在体内可是敌我不分的，若是刺破脏腑，一样重伤，所以平常在丹田内孕养时，都是卷成一颗‘剑丸’，若是以‘剑形’在丹田内存放，如今又没真正炼成，一不小心伤了丹田，后悔都来不及。本命飞剑一旦炼成，便属法宝一流，可大可小，威势恐怖。就算再得到一把炼好的飞剑，也远不如本命飞剑。何为‘本命飞剑’？那是日日夜夜在丹田内孕养，甚至用魂魄融入孕养，日积月累下，逐渐转化成生命一部分，威力自然强的恐怖。若是本命飞剑被毁，轻则重伤，重则修行之路就此断绝。“去。”拿起旁边一块约莫十斤重的星纹钢，随手一扔，顿时有真元丝线从手指飞出包裹着星纹钢，悬浮在那三寸长飞剑的下方。嗡~~~随着秦云运转法诀，三寸长的飞剑表面有一层光晕在流转，不断吞吸着下方星纹钢的精华，一点点光点从星纹钢中飞出，飞入了三寸飞剑中，而那一块悬浮着的星纹钢渐渐有一些碎屑飘落。经过小半个时辰，三寸飞剑震颤了下，发出一声剑吟之声。“今日便到此吧。”秦云一伸手，那已经小了一大圈的仿佛鹅卵石般的星纹钢飞回手中，只剩下约莫两斤重，“炼化了大概八斤重的星纹钢，一天炼化一次，怕是十天就能将这些星纹钢全部炼化掉，我的本命飞剑根基也能更浑厚。”“要孕养炼化一柄本命飞剑可真不容易，若是一般修行者，即便是同是剑仙一脉，怕是要耗费数十年苦工才能孕养炼成自己的本命飞剑，我悟得‘烟雨剑意’，孕养飞剑快了十倍，只需数年苦工便可大功告成，可惜孕养本命飞剑所需材料却是一分少不得。”秦云暗暗感慨。当真金山银山扔进去，只为一柄飞剑。, 第五章 本命飞剑
“来。”悬浮在身前的三寸飞剑迅速变大，足足达到三尺长，像寻常的佩剑。伸手握住这一柄神剑。如今虽还未大功告成，可依旧锋利无匹，切割寻常铁石犹如切割豆腐。不过秦云可舍不得拿出来用，若是稍微受损，那后悔都晚了。“当初我十三岁得剑仙传承，满心欢喜，却没想到叩开仙门是那般艰难。”秦云感慨，“二十岁前不入仙门，终生无望，我是快十九岁了才叩开仙门。”修行按大境界划分，可划分为后天、先天、元神这三重大境界。后天，可细分为炼气十二层，一层比一层难。先天，可细分为虚丹境、实丹境、金丹境。元神？那早已是传说！其中‘叩开仙门’，指的是从炼气九层突破到炼气十层，这一突破，乃是真气液化，化作真元！也是修行之始。同样也遭天妒。寻常纸张下笔去写第十层的炼气法门，写出来文字都直接消失！想要口述给他人，都会张口结舌，硬是说不出话来。而‘二十岁前不入仙门，终生无望’这一说法，是因为二十岁前，在长身体，肉身充满无尽生机，体内经络都充满无限可能。这时候叩开仙门，凝练出真元的希望是最大的。一旦过了二十岁，身体达到巅峰便开始逐渐走下坡路，叩开仙门几乎就无望了。“我十三岁时人剑合一，同年便是炼气九层！便是加入一些二流三流修行宗派也不是难事，叩开仙门应该也很轻松。只是我得到的乃是八百年前先天金丹境前辈‘辰道人’留下的一份剑仙传承。”秦云慨叹，“剑仙传承，乃是这修行界最顶尖传承之一，修行难度也十倍百倍于寻常修行法门。”“修行界有一句话‘一剑破万法’，这剑，便是剑仙的飞剑。”秦云摇头，“可我只得到传承，却没有师傅前辈帮助，剑仙传承又比寻常法门难上十倍百倍。”“十三岁得传承，十五岁离家，更经历诸多生死之战，更去了北地边关。”“快十九岁，才叩开仙门。”秦云自己都唏嘘。自己叩开仙门，没有师傅前辈帮助，完全是靠自己硬生生闯出来的。“嗯？天亮了？”秦云发现窗外蒙蒙亮。“收。”秦云心念一动，手中的这三尺神剑立即急剧缩小，一直缩小到发丝般细小，迅速就钻进食指皮肤，沿着脉络朝体内游走而去，很快又回到了丹田中，在丹田内，它旋转着卷了起来，卷成了一颗砂砾般大的亮银色金属球。这一颗剑丸在体内，受魂魄以及真元长期孕养。起身下地，秦云看了眼地面上已经被炼化掉的星纹钢残留的碎屑废渣，真元之力外放瞬间就裹挟住地面上的那些碎屑废杂，裹成的一个小球，再一挥手，那碎屑废杂小球就落到一旁的竹篓内。抓起床上那一包裹的星纹钢也放进了衣箱内，两包裹都藏在衣箱内的一些衣服下，并且留下真元印记，这才合起衣箱锁上。开门走出屋子。清晨，凉气重，秦府的下人们已经开始打扫、生火做饭了。……洗漱后，秦云换了一身锦绣衣袍，一副翩翩贵公子打扮。人在他乡时，自然低调穿着普通。可如今回到家乡，身为秦府二公子，自然不能丢了秦府的脸面。“二公子早。”“二公子早。”秦云在府内散步，下人们个个行礼连道。看着府内一草一木，一条条小径，曲折廊道，倍感亲切，很快来到了练武场。练武场一旁有兵器架，远处墙边有箭靶。“练武场。”秦云露出一丝笑意，父亲当初在这练武，大哥也是，年少时自己也是在这吃苦流汗练剑。母亲就经常坐在一旁的石桌旁笑看着。‘人剑合一’之境，更高一层便是‘无漏’之境。无漏，便几乎是后天生灵的极致，身体无漏，对身体的一根毛发都控制到完美地步，学过的剑法即便长时间不练，也不会生疏。达到无漏之境，按理说无需每日苦练，可秦云虽然减少练剑时间，但每日还是习惯练剑。“呼。”腰间长剑出鞘。秦云站在原地，偶尔步伐稍稍移动，手中一柄长剑随意施展着，长剑施展起来，看起来似乎速度并不快，却剑光迷蒙，犹如三月烟雨，如梦如幻，有着让人沉醉的美感。这仿佛不再是杀人的剑，而是一首诗，一幅画。在练武场边上出现一人，正是大哥秦安，秦安好奇看着，也没出声打扰。秦云也没停下，而是练剑片刻后，方才意尽而停，收剑入鞘。“二弟，你这剑怎么这么慢？”大哥秦安这才开口疑惑道，“虽然我感觉你的剑很美，单纯剑术比那些青楼女子的剑舞还美，但也太慢了，这么慢的剑，怎么杀敌？”“哈哈……”秦云笑了，“这是我自创的剑法烟雨剑，你看到的，只是烟雨剑的一面。”“一面？”大哥秦安若有所思，“好吧，你十岁时就击败了我，十五岁就是广凌郡城年轻一代第一人，可那时好歹能看出你的剑很厉害，可现在你的剑我都看不懂了。”秦云笑着转移话题道：“大哥，你来的这么早，现在还没到吃早饭时候，你就从南城来到西城了？”“咱们兄弟六年没见，自然多聚聚。”秦安感慨，“你在外，我也是经常担心，就怕你一去不回啊，好了，不说这些了！说起来也有些奇怪，这半年来，我每日早晨起床都感到疲累，去找郎中瞧了瞧，也说没病，可今日却精神颇为不错。”秦云心中一动。今日不错？是昨晚没被猫妖吸阳气吧。“难道是因为牵挂二弟你？你回来我心情好，就没事了？”大哥秦安嘀咕道。“牵挂我？如果牵挂我，之前五年多都没事，就这半年你不舒服？”秦云撇嘴道，“你是妖气入体了。”“妖气入体？”大哥秦安脸色一变。秦云也没隐瞒大哥，毕竟自己和大哥年少时就经历大磨难，吃过大苦头。‘妖气入体’这种事大哥也能轻易接受的。“昨天我就瞧出来了。”秦云说道。“你昨天怎么没说？”大哥秦安疑惑问道。“打草惊蛇，狗急跳墙怎么办？自然装作一切不知道，暗中去查探，昨夜我已经查清一切，解决了祸患，方才敢告诉你。”秦云说道，“对了，这事你别对外说。”“这我当然知道。”大哥秦安连点头，“我这身体没事吧。”“放心，还有救。”秦云撇嘴一笑。说着从怀里取出早准备的一张符纸，说道：“这‘祛病符’还是从我好友那抢来的，我可不会画这个！”说着真元灌入符纸内催发，顿时符纸无火自燃，有无形力量融入了大哥秦安体内，大哥秦安只感觉通体清凉，原本的些许沉重感都消失，身体一下子舒服了很多。“大半妖气都已祛除。”秦云说道，“不过妖气已渗透你脏腑，有些许妖气根植太深，祛病符可去不掉。”“那可如何是好？”大哥秦安连道。“哈哈，没了妖怪害你，入你体内的妖气便是无源之水。你又年轻，身体壮硕，即便没祛病符，三五年你身体也能逐渐好转。如今祛病符祛除大半，剩下少许对你影响不大，怕是数月时间就能自然而然去除干净。”秦云感慨，“身体本身的生机可是很神奇的。”大哥秦安顿时松口气，随即疑惑问道：“二弟，怎么会有妖怪来害我，我一个小小商人，妖怪会盯上我？是因为老爹？”“嗯。”秦云点头，“等爹回来，我再和你们一一细说。”大哥秦安很快便释然，转而笑道：“二弟，你十三岁那年就炼气九层，我就知道你一定能叩开仙门，踏入修仙之门。如今一看，能看到妖气，能解决妖怪，你果真入了修仙之门。”秦云笑笑。当初得到剑仙传承的事，自己只告诉了父亲！父亲都严令不得外传，连母亲哥哥都没说，就怕一不小心说漏嘴，引来大祸。“叩开仙门可不容易。”秦云只简单说了句。……兄弟俩陪母亲一同吃了早饭，又聊了许久，忽然府内下人连来禀报：“二公子，府外有一人要见二公子，说是你好友。”“好友？你昨日刚回来，就有人要来见你了？”大哥秦安则疑惑。“去看看，看是哪位。”秦云起身。, 第六章 二十岁前不入仙门，终生无望
秦云走到府门口一看，一个秃顶大胡子男正牵着马站在门口等着。“云哥。”秃顶大胡子男顿时露出笑容，嗓门很大，激动大喝道。秦云瞪大眼睛仔细看着，秃顶，浓密的大胡子，只有那五官面容还能辨认出来：“你是小波波？怎么可能，那个羞涩俊俏的美少年，变成如此粗鲁大汉了？”田波乃自己少年时最要好的几个朋友之一，年龄比自己还小一岁。少年时，田波俊俏白皙，还很害羞。如今却秃顶？大胡子？壮硕？“云哥，你怎么能这么说我？”秃顶大胡子男‘田波’连道，“这也太伤人了，我心都痛了！”“别装了。”秦云打趣道。田波嘿嘿一笑。二人狠狠拥抱了下。“云哥，好久不见！”田波说道。“是好久不见了。”秦云放开好兄弟，随即笑道，“不过，小波波，你样子变化是太大了，不仔细看我都不敢认你。”“我怎么知道，十八岁开始，我的头发就不断的掉，急也没用。”田波无奈摸了摸脑袋，“没办法，我父亲是秃顶，我祖父是秃顶，所以我也是这样吧。而且这胡子还疯长，不过还挺霸气吧。”“霸气霸气。”秦云笑了。年少时玩伴，都长大了啊！“你也是，回来的消息也不告诉我，还是从六扇门里传出你已回来的消息，‘西山剑园’无锋公子已经召集各方，今日中午，为你接风洗尘。”田波笑道，“而我则自告奋勇，赶来接你过去。”“接风洗尘？”秦云惊讶，“你们消息还真快。”“一传十，十传百。”田波连道，“走走走，赶紧走吧，多少老兄弟都在等你。”也在大门旁的大哥秦安也笑道：“二弟，你诸多好友都在等你，便赶紧去吧。”“好，大哥，你也不必等我了，今晚我恐怕回来都很晚。”秦云说道。随即。下人早就备好马，秦云便骑马和好友田波一同驾马离去。……西山剑园，在广凌郡城外的西山山脚下。秦云二人骑马悠然前行，一路闲聊。“年少时还想和你一样游历天下，可就这我点本事，见过几场血腥杀戮就吓软了，还是乖乖子承父业吧。现在接下了我老爹名下一些酒楼生意。”田波摇头道，“对了，我前不久刚纳了一个妾。今年被我爹逼着赶紧娶妻了。”“你先纳妾，后娶妻？”秦云惊讶。“肚子大了没办法。”田波摇头，“不过我爹挺高兴，因为生出了个带把的。”“田大财主就你一个儿子，就等你开枝散叶呢。”秦云打趣。谈话间，二人骑马也来到了西山脚下的一湖泊旁，湖泊不起波澜，犹如一块巨大的翡翠，映照着西山。而在湖泊尽头正有着亭台楼阁，依稀能看到些人影。湖泊岸边早有仆人候着，翘首以盼，看到骑马来的二人连迎上去。“田公子，这位是秦公子？”一位管事热情道，“赶紧随我来，我家主人还有其他诸位公子们早就等着了。”秦云、田波也都下马，两匹马交给了一旁的仆人。他们二人则是在管事带领下，上了一艘小船。船虽小，却很是雅致，船夫更是一位美貌少女，一叶扁舟行进在几乎不起波澜的湖泊水面上，如同仙境。“我记得当年船夫还是老者，如今都换成少女了。”秦云感慨。“无锋公子可是最懂享乐的了。”田波也道。西山剑园，本是广凌郡大族李家的大公子‘李无锋’的别院，他喜好剑术，少年时便组建了‘西山剑园’，只有十六岁以下少年才能加入，秦云当初被邀请加入时才十岁，这‘西山剑园’当初只是一个无锋公子为了都寻找些同样爱好剑术的玩伴才创出来，不过随着这些少年们长大后，这西山剑园在广凌郡城也算有些影响力了。在湖泊另一边的亭台楼阁处早有些青年们在喝酒畅谈，他们也注意到了这一艘小船。“哈哈哈……”远处传来大笑声，“剑神来了，剑神来了，我们剑园的剑神来了。”“快快快，秦云兄，赶紧过来，别慢吞吞的了。”一众人都大笑催促。“云哥，走啊。”田波则是立即迈步窜出小船，踏水而行，在湖面上飞奔了二十余丈，才落在远处码头上。秦云也哈哈一笑，也踏水而行，只是他没刻意卖弄，只是踏在湖面上仅仅荡起涟漪，都没溅起水花，犹如漫步般便走到了码头上。“秦云兄，好久不见。”“六年了，来来来，喝酒，真怕你小子死在外面啊，你命大，总算回来了。”一群青年们有些拿着酒壶过来，有人都直接递一酒壶给秦云。秦云接过，笑道：“来来来，喝。”年少时的玩伴，在一起更轻松自在。……二十余人在一起畅快饮酒。“二哥，来比比，上次比剑我输了一筹，这次再来比比。”“好，岂会怕你？”两人将酒壶放到一旁，当即一跃而出，踏着水面，在这青山绿水之间，湖面之上，就开始比试起来。一时间，剑光闪烁，二人身影在湖面上相互交错变幻。“好。”“二哥的剑，大巧若拙，越加气度不凡了。”“呼，好诡异的一剑，吓我一跳。”旁边一众人们饮酒观战也指指点点。伴随着一方被轰进了湖水中全身湿透后，这场比试才结束。“明兄，我们也来试试。”“比比。”一时间，三三两两接连踏着水面开始切磋剑术。比剑，是西山剑园最常见的！这西山剑园当初邀请诸多少年加入，每一个加入都需要在剑术有一定实力的，他们这一批几乎代表了广凌郡城年轻一代剑术最高明的了。喝酒、畅谈、比剑……如今他们都长大了，有了层层生活的枷锁，也让他们更喜来西山剑园，在这可以畅快饮酒，畅快比剑，无需理会红尘俗事。秦云也抓着竹酒壶和好友们喝酒，随意聊着。“张疯子呢？他过去一直找我比剑，怎么这次没看到他？”秦云问道。“张疯子倾尽家财去修仙了，还真拜入了‘戚山派’，可惜他二十岁前没能叩开仙门，便流浪四方去了……”“我是真佩服张疯子，年少时我一心练剑，更想要修仙，只是后来渐渐没了心气，唉，没法子，我爹也老了，如今家族也需我来撑，容不得我乱来。”“层层枷锁，不得自由。”众人唏嘘。在场的都是些练剑高手，一般都达到了炼气七层，对修行路都是有一份渴望的。少年时意气风发，都有各自追求。只是长大后都被世俗的层层枷锁束缚，且达到炼气九层才算有叩仙门的机会，在场的能达到炼气九层的也仅仅屈指可数的三四个罢了。并且想要拜入修仙宗派也是极难极难。“玉清妹子呢？”秦云又问道，玉清妹子是他们西山剑园中唯一的女子。“她父亲调任南明郡了，她也随他父亲走了，以后相见都难了。”“我听说玉清妹子也嫁人了，嫁的是南明郡的豪族‘归海家’的那位病公子。”“归海家，可是南明郡数一数二的豪族，不过那位病公子我也听说过，据说身体很差，怕活不了几年了。”……“骆冰兄弟怎么没来？”秦云问道。“骆冰死了，一天半夜他和好友从青楼归来，喝的半醉，遭到刺杀，便丢了性命。现在都不知到底是谁杀了他。”秦云微微一愣。那个骄傲的少年，就这么死了？……“贾五也死了，他更冤，从他们贾家庄子返回郡城的途中遇到了妖怪，一行人死光了。”……秦云听着唏嘘不已。当初西山剑园的好友们，有的远走他乡，也有几个已身死。剑园的兄弟们关系虽然不错，可当初近四十号人，自然有亲疏之分，数日聚会一次，几年下来，有些关系疏远的连话都没说过太多。秦云十岁时加入西山剑园，那时他父亲秦烈虎更仅仅只是一个普通捕头。当初的一群少年们，彼此还很陌生，更加习惯看背景来历。像这种普通捕头之子、一些小小富商之子，都是有些被瞧不起的。秦云又练剑疯狂，更有‘云疯子’这一外号，真正跟他关系极近的只有‘小波波’田波以及‘狂人’谢雷这两个同样背景一般的。虽有几个同龄人死去，可这时代，妖怪为祸，死人太常见，加上交情并不是太深，秦云也只是唏嘘罢了。“对了，狂人呢？怎么没来？”秦云问一旁喝酒的田波，“他去押镖了？”, 第七章 西山剑园
“狂人？”田波微微一愣，低声道，“狂人已经死了快三年了。”“死了快三年了？”秦云脸色一变。当年刚进入西山剑园时，他是普通捕头之子，年仅十岁。田波，是小富商之子，年仅九岁。谢雷家开了一镖局，年仅十一岁。谢雷十分好强，脾气冲的很，也被起了外号‘谢狂人’，而‘田波’因为当时俊俏体弱，又害羞，被调戏叫做‘小波波’。严格来说，田波就相当于小跟班，秦云和谢狂人‘谢雷’才是西山剑园中剑术极高的两位，二人经常比试切磋。谢狂人的妹妹‘谢霜’更是被秦云当做亲妹妹一样对待，因为秦云也曾有个妹妹，只是他八岁那年，妹妹就死了，谢霜和他妹妹长的很像，连撒娇脾气都很像。秦云和谢雷私下关系极好，怎么都不敢相信权谋、实力都算极高的谢狂人会这么死了？“到底怎么回事，怎么死的？”秦云感到心都在疼，少年时一幕幕场景浮在心头，眼睛都不由泛红。“本来打算等今天聚会后，私下里再和云哥你慢慢说的。”田波压低声音，“你也知道，狂人他爹早就身体不行了，一直重病在床，在你离开家乡后仅仅半年，狂人他爹终于还是去了！不过，狂人有实力有手腕，还是坐稳镖局总镖头的位置，甚至后来还说下一门亲事，是和我们广凌郡第一大家族洪家的一个庶女，也算拉上洪家当靠山了，可谁想，还没来得及娶妻，就出了事。”“什么事？”秦云追问道。“谢家接了一趟镖，这趟镖很大。”田波道，“狂人亲自去押镖，哪想都快要到地头了，遇到了妖怪，那一战据说很惨烈，数百人就活下来三个，妖怪都死了两头，狂人死时，一剑都从妖怪嘴里刺穿了头颅，只是那妖怪也抓破了狂人的心脏。”秦云沉默。妖怪……镖局一般碰到妖怪，献上宝物，妖怪们有时也就饶过了，因为没足够把握，一般厉害的镖局也能拼掉一两头小妖的。“这些妖怪。”秦云咬牙，妖怪智慧普遍比人族低，有些更是蠢！运气差，献上宝物都没用，就只能靠手中刀剑了。“小霜呢？”秦云问道。谢狂人一死，谢家就只剩下一个女娃娃了。“那趟镖很大，走镖失败，谢家就得赔钱，死那么多人，谢家还得赔钱。”田波摇头，“谢霜妹妹也仁义，镖局散了，又倾家荡产先去赔那些死掉男人的家眷们。后来都不够赔镖的银子了，被迫卖身到燕凤楼，才凑足银两。”“卖身到燕凤楼？”秦云脸色都白了。狂人死了，谢霜妹妹卖身到燕凤楼？幸好。幸好燕凤楼是广凌郡最为出名的青楼，这等青楼的名妓，都是卖艺不卖身的。只有一些普通的妓院窑子才会卖肉。卖肉那等，是很被瞧不起的，寻常的一次半两银子怕就够了，而真正的名妓就不同了，那都是豪门贵客们蜂拥而至，请喝一杯茶聊聊天，都得数十两银子！还得看名妓们愿意不愿意。像一些名闻天下的名妓……有些都是一方大家，花上千两银子只求见一面都不一定能如愿！当然，名妓们若是自愿，自荐枕席的也有，只是却很罕见。“谢霜妹妹本是谢家独女，擅剑舞，又弹的一手好琵琶，容貌也是极好，方才卖身个高价。”田波摇头，“我本想出钱相助，只是谢霜妹妹当时需近两万两银子，我田家得卖掉近半家产才能凑足，而且急卖还得贱价，实在没法子，我爹也不可能答应。”“近两万两？”秦云点头，有万两白银就算豪富了，近两万两卖身银子，燕凤楼愿意负担，已经很难得。“今晚我们去燕凤楼。”秦云说道。“好，我陪你去。”田波点头。……虽心中急切要去见谢霜，只是燕凤楼晚上才开门迎客，且谢霜也进入燕凤楼两年多了，也不急在一时，秦云耐着性子在这陪着诸多老友们。坐在栏杆旁，喝着酒，看着青山绿水下好友们踏水切磋剑术。“秦云兄，怎么不来指点指点我等？”“对对，快来，别只知喝酒。”好友们招呼。“不必了。”秦云勉强笑道，他实在没那心情，想到卖身到燕凤楼的谢霜，想到死去的谢狂人，他心中压抑的难受。“秦云兄。”一位穿着随意洒脱的俊美青年走来，坐到秦云旁边，这青年正是当初组建西山剑园的‘无锋公子’，无锋公子笑道，“你十三岁那年就已经达到炼气九层，十五岁时更孤身一人游历天下，如今应该已经寻找到仙缘，叩开仙门了吧？”“吃尽苦头，总算叩开仙门。”秦云说道。无锋公子不由慨叹：“佩服佩服，你是我们广凌郡城年轻一代唯一一个叩开仙门的，而且你知道我最佩服你什么吗？”秦云疑惑。“佩服你的胆色。”无锋公子道，“以你当初的天资，加入广凌郡周边的修行宗派也是轻轻松松，叩开仙门也不是难事。可你显然瞧不上那等寻常修行宗派，宁愿游历天下寻找机缘，拜入真正的顶尖大派。或许修仙路，就需要这等道心吧。”秦云一愣，摇头：“别吹捧我，当初离家路途中风吹雨淋，更经常面对死亡危机，我一开始咬牙忍着。后来真想要回家，可发现已经离家万里了，返回同样艰险。既然如此这才一条道走到黑。”“能忍到离家万里，也很厉害了。”无锋公子举起竹酒壶，“我敬你。”秦云也举起酒壶二人碰了一下。无锋公子喝了酒才道：“你和我们已经不同，寿命就已经不同，叩开仙门你就能活过百岁，若是跨入先天，虚丹境都是寿两百！传说中的金丹境更是寿五百，真正的神仙中人，以后我们这些你年少时的玩伴都成了黄土一堆的时候，你或许还很年轻。”秦云微微一愣，没说什么，只是看着湖面上比剑的好友们，默默喝酒。******傍晚时分。秦云谢绝了晚上聚会邀请，和田波一同离去。“我们去燕凤楼。”二人骑马而归。燕凤楼，乃是广凌郡名气最大的一家青楼，官宦名流，富商豪客云集，进去最普通的喝一杯茶都要一两银子！一两银子都足够寻常三口之家两三个月家用了。此刻燕凤楼已经开门迎客，红灯笼早已挂起，大门外便有一群美貌侍女们在热情迎客。, 第八章 谢霜
